<http://yago-knowledge.org/resource/1966_Australian_Championships_–_Men's_Singles>	0
<http://yago-knowledge.org/resource/1979_NCAA_Division_I_Basketball_Championship_Game>	1
<http://yago-knowledge.org/resource/2016_Monte-Carlo_Rolex_Masters_–_Singles>	2
<http://yago-knowledge.org/resource/2017_BWF_World_Championships_–_Mixed_doubles>	3
<http://yago-knowledge.org/resource/2017_BWF_World_Championships_–_Women's_singles>	4
<http://yago-knowledge.org/resource/2018_BWF_World_Championships_–_Mixed_doubles>	5
<http://yago-knowledge.org/resource/2018_BWF_World_Championships_–_Women's_singles>	6
<http://yago-knowledge.org/resource/2018_Giro_d'Italia>	7
<http://yago-knowledge.org/resource/2018_Il_Lombardia>	8
<http://yago-knowledge.org/resource/2018_Liège–Bastogne–Liège>	9
<http://yago-knowledge.org/resource/2018_Tour_of_Norway>	10
<http://yago-knowledge.org/resource/2018_US_Open_–_Women's_Singles>	11
<http://yago-knowledge.org/resource/2018_Vuelta_a_España>	12
<http://yago-knowledge.org/resource/2019_Amstel_Gold_Race>	13
<http://yago-knowledge.org/resource/2019_BinckBank_Tour>	14
<http://yago-knowledge.org/resource/2019_Cadel_Evans_Great_Ocean_Road_Race>	15
<http://yago-knowledge.org/resource/2019_Clásica_de_San_Sebastián>	16
<http://yago-knowledge.org/resource/2019_Critérium_du_Dauphiné>	17
<http://yago-knowledge.org/resource/2019_Eschborn–Frankfurt>	18
<http://yago-knowledge.org/resource/2019_Giro_d'Italia>	19
<http://yago-knowledge.org/resource/2019_Grand_Prix_Cycliste_de_Montréal>	20
<http://yago-knowledge.org/resource/2019_Grand_Prix_Cycliste_de_Québec>	21
<http://yago-knowledge.org/resource/2019_Il_Lombardia>	22
<http://yago-knowledge.org/resource/2019_La_Flèche_Wallonne>	23
<http://yago-knowledge.org/resource/2019_Liège–Bastogne–Liège>	24
<http://yago-knowledge.org/resource/2019_Milan–San_Remo>	25
<http://yago-knowledge.org/resource/2019_Tour_Down_Under>	26
<http://yago-knowledge.org/resource/2019_Tour_de_France>	27
<http://yago-knowledge.org/resource/2019_Tour_de_Romandie>	28
<http://yago-knowledge.org/resource/2019_Tour_de_Suisse>	29
<http://yago-knowledge.org/resource/2019_Tour_of_the_Basque_Country>	30
<http://yago-knowledge.org/resource/2019_UAE_Tour>	31
<http://yago-knowledge.org/resource/2019_Volta_a_Catalunya>	32
<http://yago-knowledge.org/resource/2019_Étoile_de_Bessèges>	33
<http://yago-knowledge.org/resource/2020_Cadel_Evans_Great_Ocean_Road_Race>	34
<http://yago-knowledge.org/resource/2020_Tour_Down_Under>	35
<http://yago-knowledge.org/resource/2020_UAE_Tour>	36
<http://yago-knowledge.org/resource/Badminton_at_the_2010_Commonwealth_Games_–_Mixed_doubles>	37
<http://yago-knowledge.org/resource/Badminton_at_the_2010_Commonwealth_Games_–_Women's_doubles>	38
<http://yago-knowledge.org/resource/Badminton_at_the_2010_Commonwealth_Games_–_Women's_singles>	39
<http://yago-knowledge.org/resource/Badminton_at_the_2011_Pan_American_Games_–_Women's_doubles>	40
<http://yago-knowledge.org/resource/Badminton_at_the_2011_Pan_American_Games_–_Women's_singles>	41
<http://yago-knowledge.org/resource/Badminton_at_the_2012_Summer_Olympics_–_Women's_doubles>	42
<http://yago-knowledge.org/resource/Badminton_at_the_2012_Summer_Olympics_–_Women's_singles>	43
<http://yago-knowledge.org/resource/Badminton_at_the_2014_Commonwealth_Games_–_Mixed_doubles>	44
<http://yago-knowledge.org/resource/Badminton_at_the_2014_Commonwealth_Games_–_Women's_singles>	45
<http://yago-knowledge.org/resource/Badminton_at_the_2015_Pan_American_Games_–_Women's_doubles>	46
<http://yago-knowledge.org/resource/Badminton_at_the_2015_Pan_American_Games_–_Women's_singles>	47
<http://yago-knowledge.org/resource/Badminton_at_the_2016_Summer_Olympics_–_Women's_singles>	48
<http://yago-knowledge.org/resource/Badminton_at_the_2018_Commonwealth_Games_–_Mixed_doubles>	49
<http://yago-knowledge.org/resource/Badminton_at_the_2018_Commonwealth_Games_–_Women's_doubles>	50
<http://yago-knowledge.org/resource/Badminton_at_the_2018_Commonwealth_Games_–_Women's_singles>	51
<http://yago-knowledge.org/resource/Badminton_at_the_2019_Pan_American_Games_–_Women's_doubles>	52
<http://yago-knowledge.org/resource/Badminton_at_the_2019_Pan_American_Games_–_Women's_singles>	53
<http://yago-knowledge.org/resource/Figure_skating_at_the_1956_Winter_Olympics_–_Ladies'_singles>	54
<http://yago-knowledge.org/resource/Figure_skating_at_the_1960_Winter_Olympics_–_Women's_singles>	55
<http://yago-knowledge.org/resource/Gymnastics_at_the_2008_Summer_Olympics_–_Women's_artistic_individual_all-around>	56
<http://yago-knowledge.org/resource/Gymnastics_at_the_2008_Summer_Olympics_–_Women's_balance_beam>	57
<http://yago-knowledge.org/resource/Gymnastics_at_the_2008_Summer_Olympics_–_Women's_floor>	58
<http://yago-knowledge.org/resource/Gymnastics_at_the_2008_Summer_Olympics_–_Women's_uneven_bars>	59
