<http://yago-knowledge.org/resource/Alliance_for_Human_Research_Protection>	0
<http://yago-knowledge.org/resource/Apple_Inc.>	1
<http://yago-knowledge.org/resource/Babson_College>	2
<http://yago-knowledge.org/resource/Berkeley_College_(Yale_University)>	3
<http://yago-knowledge.org/resource/Bolling_Air_Force_Base>	4
<http://yago-knowledge.org/resource/Botswana–Harvard_AIDS_Institute_Partnership>	5
<http://yago-knowledge.org/resource/Brookings_Institution>	6
<http://yago-knowledge.org/resource/California_Academy_of_Sciences>	7
<http://yago-knowledge.org/resource/California_Institute_of_Technology>	8
<http://yago-knowledge.org/resource/Carnegie_Institution_for_Science>	9
<http://yago-knowledge.org/resource/Club_of_Rome>	10
<http://yago-knowledge.org/resource/Columbia_University>	11
<http://yago-knowledge.org/resource/Council_on_Foreign_Relations>	12
<http://yago-knowledge.org/resource/Equality_Michigan>	13
<http://yago-knowledge.org/resource/Gatestone_Institute>	14
<http://yago-knowledge.org/resource/HIV_Prevention_Trials_Network>	15
<http://yago-knowledge.org/resource/Harlem_Youth_Opportunities_Unlimited>	16
<http://yago-knowledge.org/resource/Harvard_Medical_School>	17
<http://yago-knowledge.org/resource/Institute_for_Advanced_Study>	18
<http://yago-knowledge.org/resource/International_Association_for_Environmental_Philosophy>	19
<http://yago-knowledge.org/resource/Janelia_Research_Campus>	20
<http://yago-knowledge.org/resource/London_Business_School>	21
<http://yago-knowledge.org/resource/Los_Alamos_National_Laboratory>	22
<http://yago-knowledge.org/resource/MIT_Department_of_Brain_and_Cognitive_Sciences>	23
<http://yago-knowledge.org/resource/MIT_Radiation_Laboratory>	24
<http://yago-knowledge.org/resource/Massachusetts_Institute_of_Technology>	25
<http://yago-knowledge.org/resource/Max_Planck_Institute_for_Biological_Cybernetics>	26
<http://yago-knowledge.org/resource/Metallurgical_Laboratory>	27
<http://yago-knowledge.org/resource/Muhammadiyah>	28
<http://yago-knowledge.org/resource/NEC>	29
<http://yago-knowledge.org/resource/National_Coalition_of_Anti-Violence_Programs>	30
<http://yago-knowledge.org/resource/New_York_City_Bar_Association>	31
<http://yago-knowledge.org/resource/Penn_State_College_of_Information_Sciences_and_Technology>	32
<http://yago-knowledge.org/resource/Princeton_University>	33
<http://yago-knowledge.org/resource/Rockefeller_University>	34
<http://yago-knowledge.org/resource/Saylor_Academy>	35
<http://yago-knowledge.org/resource/Shanghai_Jiao_Tong_University>	36
<http://yago-knowledge.org/resource/Society_for_Organizational_Learning>	37
<http://yago-knowledge.org/resource/Tomy>	38
<http://yago-knowledge.org/resource/Toulouse_1_University_Capitole>	39
<http://yago-knowledge.org/resource/University_of_Maryland,_College_Park>	40
<http://yago-knowledge.org/resource/University_of_Maryland_College_of_Information_Studies>	41
<http://yago-knowledge.org/resource/University_of_Pennsylvania>	42
<http://yago-knowledge.org/resource/University_of_Pretoria>	43
<http://yago-knowledge.org/resource/University_of_Virginia>	44
<http://yago-knowledge.org/resource/Veeam>	45
<http://yago-knowledge.org/resource/Veljesto>	46
<http://yago-knowledge.org/resource/Woodhull_Sexual_Freedom_Alliance>	47
<http://yago-knowledge.org/resource/Yale_Corporation>	48
<http://yago-knowledge.org/resource/Yale_University>	49
<http://yago-knowledge.org/resource/Yale_University_Observatory>	50
