<http://yago-knowledge.org/resource/Afrikaans>	0
<http://yago-knowledge.org/resource/American_English>	1
<http://yago-knowledge.org/resource/Ancient_Greek>	2
<http://yago-knowledge.org/resource/Arabic>	3
<http://yago-knowledge.org/resource/Armenian_language>	4
<http://yago-knowledge.org/resource/Assyrian_Neo-Aramaic>	5
<http://yago-knowledge.org/resource/Atlantean_language>	6
<http://yago-knowledge.org/resource/Austrian_German>	7
<http://yago-knowledge.org/resource/Bemba_language>	8
<http://yago-knowledge.org/resource/Bengali_language>	9
<http://yago-knowledge.org/resource/Bosnian_language>	10
<http://yago-knowledge.org/resource/Breton_language>	11
<http://yago-knowledge.org/resource/Bulgarian_language>	12
<http://yago-knowledge.org/resource/Buryat_language>	13
<http://yago-knowledge.org/resource/Canadian_English>	14
<http://yago-knowledge.org/resource/Cantonese>	15
<http://yago-knowledge.org/resource/Catalan_language>	16
<http://yago-knowledge.org/resource/Chinese_language>	17
<http://yago-knowledge.org/resource/Classical_Chinese>	18
<http://yago-knowledge.org/resource/Czech_language>	19
<http://yago-knowledge.org/resource/Danish_language>	20
<http://yago-knowledge.org/resource/Dari>	21
<http://yago-knowledge.org/resource/Dutch_language>	22
<http://yago-knowledge.org/resource/English_language>	23
<http://yago-knowledge.org/resource/Esperanto>	24
<http://yago-knowledge.org/resource/Estonian_language>	25
<http://yago-knowledge.org/resource/Ewe_language>	26
<http://yago-knowledge.org/resource/Filipino_language>	27
<http://yago-knowledge.org/resource/Finnish_language>	28
<http://yago-knowledge.org/resource/French_language>	29
<http://yago-knowledge.org/resource/Friulian_language>	30
<http://yago-knowledge.org/resource/Galician_language>	31
<http://yago-knowledge.org/resource/Gan_Chinese>	32
<http://yago-knowledge.org/resource/Georgian_language>	33
<http://yago-knowledge.org/resource/German_language>	34
<http://yago-knowledge.org/resource/Greek_language>	35
<http://yago-knowledge.org/resource/Gujarati_language>	36
<http://yago-knowledge.org/resource/Haida_language>	37
<http://yago-knowledge.org/resource/Hebrew_language>	38
<http://yago-knowledge.org/resource/Hindi>	39
<http://yago-knowledge.org/resource/Hindustani_language>	40
<http://yago-knowledge.org/resource/Hungarian_language>	41
<http://yago-knowledge.org/resource/Icelandic_language>	42
<http://yago-knowledge.org/resource/Igbo_language>	43
<http://yago-knowledge.org/resource/Indonesian_language>	44
<http://yago-knowledge.org/resource/Interlingua>	45
<http://yago-knowledge.org/resource/Inupiaq_language>	46
<http://yago-knowledge.org/resource/Irish_language>	47
<http://yago-knowledge.org/resource/Italian_language>	48
<http://yago-knowledge.org/resource/Japanese_language>	49
<http://yago-knowledge.org/resource/Kannada>	50
<http://yago-knowledge.org/resource/Klingon_language>	51
<http://yago-knowledge.org/resource/Korean_language>	52
<http://yago-knowledge.org/resource/Kurdish_languages>	53
<http://yago-knowledge.org/resource/Ladin_language>	54
<http://yago-knowledge.org/resource/Latin>	55
<http://yago-knowledge.org/resource/Latvian_language>	56
<http://yago-knowledge.org/resource/Levantine_Arabic>	57
<http://yago-knowledge.org/resource/Lithuanian_language>	58
<http://yago-knowledge.org/resource/Lushootseed>	59
<http://yago-knowledge.org/resource/Macedonian_language>	60
<http://yago-knowledge.org/resource/Malay_language>	61
<http://yago-knowledge.org/resource/Malayalam>	62
<http://yago-knowledge.org/resource/Malaysian_language>	63
<http://yago-knowledge.org/resource/Marathi_language>	64
<http://yago-knowledge.org/resource/Modern_Greek>	65
<http://yago-knowledge.org/resource/Modern_Hebrew>	66
<http://yago-knowledge.org/resource/Modern_Standard_Arabic>	67
<http://yago-knowledge.org/resource/Navajo_language>	68
<http://yago-knowledge.org/resource/Nepali_language>	69
<http://yago-knowledge.org/resource/Norwegian_language>	70
<http://yago-knowledge.org/resource/Occitan_language>	71
<http://yago-knowledge.org/resource/Odia_language>	72
<http://yago-knowledge.org/resource/Old_Egyptian_language>	73
<http://yago-knowledge.org/resource/Old_Mandarin>	74
<http://yago-knowledge.org/resource/Old_Tibetan>	75
<http://yago-knowledge.org/resource/Pali>	76
<http://yago-knowledge.org/resource/Papiamento>	77
<http://yago-knowledge.org/resource/Pashto>	78
<http://yago-knowledge.org/resource/Pawnee_language>	79
<http://yago-knowledge.org/resource/Persian_language>	80
<http://yago-knowledge.org/resource/Polish_language>	81
<http://yago-knowledge.org/resource/Portuguese_language>	82
<http://yago-knowledge.org/resource/Punjabi_language>	83
<http://yago-knowledge.org/resource/Romanian_language>	84
<http://yago-knowledge.org/resource/Romansh_language>	85
<http://yago-knowledge.org/resource/Russian_language>	86
<http://yago-knowledge.org/resource/Sanskrit>	87
<http://yago-knowledge.org/resource/Serbian_language>	88
<http://yago-knowledge.org/resource/Shona_language>	89
<http://yago-knowledge.org/resource/Sindhi_language>	90
<http://yago-knowledge.org/resource/Slovak_language>	91
<http://yago-knowledge.org/resource/Slovene_language>	92
<http://yago-knowledge.org/resource/Spanish_language>	93
<http://yago-knowledge.org/resource/Standard_Chinese>	94
<http://yago-knowledge.org/resource/Standard_Tibetan>	95
<http://yago-knowledge.org/resource/Swahili_language>	96
<http://yago-knowledge.org/resource/Swedish_language>	97
<http://yago-knowledge.org/resource/Tamil_language>	98
<http://yago-knowledge.org/resource/Telugu_language>	99
<http://yago-knowledge.org/resource/Thai_language>	100
<http://yago-knowledge.org/resource/Turkish_language>	101
<http://yago-knowledge.org/resource/Ukrainian_language>	102
<http://yago-knowledge.org/resource/Urdu>	103
<http://yago-knowledge.org/resource/Uzbek_language>	104
<http://yago-knowledge.org/resource/Vietnamese_language>	105
<http://yago-knowledge.org/resource/Volapük>	106
<http://yago-knowledge.org/resource/Welsh_language>	107
<http://yago-knowledge.org/resource/Yiddish>	108
