<http://yago-knowledge.org/resource/10_Eventful_Years>	0
<http://yago-knowledge.org/resource/12_Great_Classics_of_Science_Fiction>	1
<http://yago-knowledge.org/resource/13_Above_the_Night_(anthology)>	2
<http://yago-knowledge.org/resource/13_Great_Stories_of_Science_Fiction>	3
<http://yago-knowledge.org/resource/17_X_Infinity>	4
<http://yago-knowledge.org/resource/4_for_the_Future>	5
<http://yago-knowledge.org/resource/5_Unearthly_Visions>	6
<http://yago-knowledge.org/resource/6_Great_Short_Novels_of_Science_Fiction>	7
<http://yago-knowledge.org/resource/A_Subtreasury_of_American_Humor>	8
<http://yago-knowledge.org/resource/A_Treasury_of_Science_Fiction>	9
<http://yago-knowledge.org/resource/Aces_Abroad>	10
<http://yago-knowledge.org/resource/Aces_High_(anthology)>	11
<http://yago-knowledge.org/resource/Advanced_Dungeons_&_Dragons_(comics)>	12
<http://yago-knowledge.org/resource/Again,_Dangerous_Visions>	13
<http://yago-knowledge.org/resource/Alpha_(anthology_series)>	14
<http://yago-knowledge.org/resource/Alpha_1_(Robert_Silverberg_anthology)>	15
<http://yago-knowledge.org/resource/Alpha_2_(Robert_Silverberg_anthology)>	16
<http://yago-knowledge.org/resource/Alpha_3_(Robert_Silverberg_anthology)>	17
<http://yago-knowledge.org/resource/Alpha_4_(Robert_Silverberg_anthology)>	18
<http://yago-knowledge.org/resource/Alpha_5_(Robert_Silverberg_anthology)>	19
<http://yago-knowledge.org/resource/Alpha_6_(Robert_Silverberg_anthology)>	20
<http://yago-knowledge.org/resource/Alpha_7_(Robert_Silverberg_anthology)>	21
<http://yago-knowledge.org/resource/Alpha_8_(Robert_Silverberg_anthology)>	22
<http://yago-knowledge.org/resource/Alpha_9_(Robert_Silverberg_anthology)>	23
<http://yago-knowledge.org/resource/American_Gothic_Tales>	24
<http://yago-knowledge.org/resource/Ancient_Near_Eastern_Texts_Relating_to_the_Old_Testament>	25
<http://yago-knowledge.org/resource/Another_Part_of_the_Galaxy>	26
<http://yago-knowledge.org/resource/Beachheads_in_Space>	27
<http://yago-knowledge.org/resource/Before_the_Golden_Age>	28
<http://yago-knowledge.org/resource/Beyond_Time_and_Space>	29
<http://yago-knowledge.org/resource/Big_Book_of_Science_Fiction>	30
<http://yago-knowledge.org/resource/Blaming_the_Victims>	31
<http://yago-knowledge.org/resource/Bone_(comics)>	32
<http://yago-knowledge.org/resource/Carbon_Shift>	33
<http://yago-knowledge.org/resource/Chernobyl:_Consequences_of_the_Catastrophe_for_People_and_the_Environment>	34
<http://yago-knowledge.org/resource/Cosmic_Knights>	35
<http://yago-knowledge.org/resource/Crossroads_in_Time>	36
<http://yago-knowledge.org/resource/Dangerous_Visions>	37
<http://yago-knowledge.org/resource/Dangerous_Women_(anthology)>	38
<http://yago-knowledge.org/resource/Dark_Mind,_Dark_Heart>	39
<http://yago-knowledge.org/resource/Dark_Things>	40
<http://yago-knowledge.org/resource/Dark_of_the_Moon:_Poems_of_Fantasy_and_the_Macabre>	41
<http://yago-knowledge.org/resource/Dawn_of_Time>	42
<http://yago-knowledge.org/resource/Deep_Space:_Eight_Stories_of_Science_Fiction>	43
<http://yago-knowledge.org/resource/Dictionary_of_Scientific_Biography>	44
<http://yago-knowledge.org/resource/Did_You_Say_Chicks%3F!>	45
<http://yago-knowledge.org/resource/Die_Zeit>	46
<http://yago-knowledge.org/resource/Dimension_4>	47
<http://yago-knowledge.org/resource/Discoveries_in_Fantasy>	48
<http://yago-knowledge.org/resource/Domains_of_Darkover>	49
<http://yago-knowledge.org/resource/Down_These_Strange_Streets>	50
<http://yago-knowledge.org/resource/Down_and_Dirty>	51
<http://yago-knowledge.org/resource/Dragons,_Elves,_and_Heroes>	52
<http://yago-knowledge.org/resource/Dream's_Edge>	53
<http://yago-knowledge.org/resource/Elsewhere_and_Elsewhen>	54
<http://yago-knowledge.org/resource/Eminent_Chinese_of_the_Ch'ing_Period>	55
<http://yago-knowledge.org/resource/Epistemological_Letters>	56
<http://yago-knowledge.org/resource/Epoch_(anthology)>	57
<http://yago-knowledge.org/resource/Far_Boundaries>	58
<http://yago-knowledge.org/resource/Far_Horizons>	59
<http://yago-knowledge.org/resource/Fifty_Short_Science_Fiction_Tales>	60
<http://yago-knowledge.org/resource/Finding_Serenity>	61
<http://yago-knowledge.org/resource/Fire_and_Sleet_and_Candlelight>	62
<http://yago-knowledge.org/resource/Five-Odd>	63
<http://yago-knowledge.org/resource/Flashing_Swords!_1>	64
<http://yago-knowledge.org/resource/Flashing_Swords!_2>	65
<http://yago-knowledge.org/resource/Flashing_Swords!_3:_Warriors_and_Wizards>	66
<http://yago-knowledge.org/resource/Flashing_Swords!_4:_Barbarians_and_Black_Magicians>	67
<http://yago-knowledge.org/resource/Flashing_Swords!_5:_Demons_and_Daggers>	68
<http://yago-knowledge.org/resource/Flora_of_China_(series)>	69
<http://yago-knowledge.org/resource/Four_Moons_of_Darkover>	70
<http://yago-knowledge.org/resource/From_Other_Worlds>	71
<http://yago-knowledge.org/resource/From_Unknown_Worlds>	72
<http://yago-knowledge.org/resource/Giants_Unleashed>	73
<http://yago-knowledge.org/resource/Golden_Cities,_Far>	74
<http://yago-knowledge.org/resource/Great_Conversation>	75
<http://yago-knowledge.org/resource/Great_Science_Fiction_by_Scientists>	76
<http://yago-knowledge.org/resource/Great_Short_Novels_of_Adult_Fantasy_I>	77
<http://yago-knowledge.org/resource/Great_Short_Novels_of_Adult_Fantasy_Volume_II>	78
<http://yago-knowledge.org/resource/Great_Stories_of_Space_Travel>	79
<http://yago-knowledge.org/resource/Group_Selection_(book)>	80
<http://yago-knowledge.org/resource/Heroes_in_Training>	81
<http://yago-knowledge.org/resource/History_of_Political_Philosophy>	82
<http://yago-knowledge.org/resource/Hyperborea_(collection)>	83
<http://yago-knowledge.org/resource/Imagination_Unlimited>	84
<http://yago-knowledge.org/resource/Invaders_of_Earth>	85
<http://yago-knowledge.org/resource/Isaac_Asimov_Presents_The_Great_SF_Stories_10_(1948)>	86
<http://yago-knowledge.org/resource/Isaac_Asimov_Presents_The_Great_SF_Stories_11_(1949)>	87
<http://yago-knowledge.org/resource/Isaac_Asimov_Presents_The_Great_SF_Stories_12_(1950)>	88
<http://yago-knowledge.org/resource/Isaac_Asimov_Presents_The_Great_SF_Stories_13_(1951)>	89
<http://yago-knowledge.org/resource/Isaac_Asimov_Presents_The_Great_SF_Stories_14_(1952)>	90
<http://yago-knowledge.org/resource/Isaac_Asimov_Presents_The_Great_SF_Stories_15_(1953)>	91
<http://yago-knowledge.org/resource/Isaac_Asimov_Presents_The_Great_SF_Stories_16_(1954)>	92
<http://yago-knowledge.org/resource/Isaac_Asimov_Presents_The_Great_SF_Stories_17_(1955)>	93
<http://yago-knowledge.org/resource/Isaac_Asimov_Presents_The_Great_SF_Stories_18_(1956)>	94
<http://yago-knowledge.org/resource/Isaac_Asimov_Presents_The_Great_SF_Stories_19_(1957)>	95
<http://yago-knowledge.org/resource/Isaac_Asimov_Presents_The_Great_SF_Stories_1_(1939)>	96
<http://yago-knowledge.org/resource/Isaac_Asimov_Presents_The_Great_SF_Stories_20_(1958)>	97
<http://yago-knowledge.org/resource/Isaac_Asimov_Presents_The_Great_SF_Stories_21_(1959)>	98
<http://yago-knowledge.org/resource/Isaac_Asimov_Presents_The_Great_SF_Stories_22_(1960)>	99
<http://yago-knowledge.org/resource/Isaac_Asimov_Presents_The_Great_SF_Stories_23_(1961)>	100
<http://yago-knowledge.org/resource/Isaac_Asimov_Presents_The_Great_SF_Stories_24_(1962)>	101
<http://yago-knowledge.org/resource/Isaac_Asimov_Presents_The_Great_SF_Stories_25_(1963)>	102
<http://yago-knowledge.org/resource/Isaac_Asimov_Presents_The_Great_SF_Stories_2_(1940)>	103
<http://yago-knowledge.org/resource/Isaac_Asimov_Presents_The_Great_SF_Stories_3_(1941)>	104
<http://yago-knowledge.org/resource/Isaac_Asimov_Presents_The_Great_SF_Stories_4_(1942)>	105
<http://yago-knowledge.org/resource/Isaac_Asimov_Presents_The_Great_SF_Stories_5_(1943)>	106
<http://yago-knowledge.org/resource/Isaac_Asimov_Presents_The_Great_SF_Stories_6_(1944)>	107
<http://yago-knowledge.org/resource/Isaac_Asimov_Presents_The_Great_SF_Stories_7_(1945)>	108
<http://yago-knowledge.org/resource/Isaac_Asimov_Presents_The_Great_SF_Stories_8_(1946)>	109
<http://yago-knowledge.org/resource/Isaac_Asimov_Presents_The_Great_SF_Stories_9_(1947)>	110
<http://yago-knowledge.org/resource/Legends_(book)>	111
<http://yago-knowledge.org/resource/Legends_II_(book)>	112
<http://yago-knowledge.org/resource/Leroni_of_Darkover>	113
<http://yago-knowledge.org/resource/Machine_of_Death>	114
<http://yago-knowledge.org/resource/Machines_That_Think>	115
<http://yago-knowledge.org/resource/Medea:_Harlan's_World>	116
<http://yago-knowledge.org/resource/NYC_Man_(The_Ultimate_Collection_1967–2003)>	117
<http://yago-knowledge.org/resource/Nebula_Award_Stories_11>	118
<http://yago-knowledge.org/resource/Nebula_Award_Stories_3>	119
<http://yago-knowledge.org/resource/Nebula_Award_Stories_5>	120
<http://yago-knowledge.org/resource/Nebula_Award_Stories_6>	121
<http://yago-knowledge.org/resource/Nebula_Award_Stories_7>	122
<http://yago-knowledge.org/resource/Nebula_Award_Stories_Eight>	123
<http://yago-knowledge.org/resource/Nebula_Awards_26>	124
<http://yago-knowledge.org/resource/Nebula_Awards_27>	125
<http://yago-knowledge.org/resource/Nebula_Awards_28>	126
<http://yago-knowledge.org/resource/Nebula_Awards_Showcase_2001>	127
<http://yago-knowledge.org/resource/Nebula_Awards_Showcase_2004>	128
<http://yago-knowledge.org/resource/Nebula_Awards_Showcase_2007>	129
<http://yago-knowledge.org/resource/Nebula_Awards_Showcase_2013>	130
<http://yago-knowledge.org/resource/Nebula_Winners_Fifteen>	131
<http://yago-knowledge.org/resource/New_Dimensions_1>	132
<http://yago-knowledge.org/resource/New_Dimensions_3>	133
<http://yago-knowledge.org/resource/New_Dimensions_II>	134
<http://yago-knowledge.org/resource/New_Dimensions_IV>	135
<http://yago-knowledge.org/resource/New_Dimensions_Science_Fiction_Number_5>	136
<http://yago-knowledge.org/resource/New_Horizons_(book)>	137
<http://yago-knowledge.org/resource/New_Worlds_for_Old>	138
<http://yago-knowledge.org/resource/New_Worlds_for_Old_(Derleth)>	139
<http://yago-knowledge.org/resource/Night's_Yawning_Peal:_A_Ghostly_Company>	140
<http://yago-knowledge.org/resource/Old_Mars>	141
<http://yago-knowledge.org/resource/Old_Venus>	142
<http://yago-knowledge.org/resource/Omnibus_of_Science_Fiction>	143
<http://yago-knowledge.org/resource/Operation_Future>	144
<http://yago-knowledge.org/resource/Over_the_Edge_(anthology)>	145
<http://yago-knowledge.org/resource/Oxford_History_of_the_United_States>	146
<http://yago-knowledge.org/resource/Portals_of_Tomorrow>	147
<http://yago-knowledge.org/resource/Possible_Worlds_of_Science_Fiction>	148
<http://yago-knowledge.org/resource/Quark%2F1>	149
<http://yago-knowledge.org/resource/Quark%2F2>	150
<http://yago-knowledge.org/resource/Quark%2F3>	151
<http://yago-knowledge.org/resource/Quark%2F4>	152
<http://yago-knowledge.org/resource/Quark%2F>	153
<http://yago-knowledge.org/resource/Robert_Silverberg_Presents_the_Great_SF_Stories:_1964>	154
<http://yago-knowledge.org/resource/Rogues_(anthology)>	155
<http://yago-knowledge.org/resource/Science-Fiction_Adventures_in_Dimension>	156
<http://yago-knowledge.org/resource/Science_Fiction_Adventures_in_Mutation>	157
<http://yago-knowledge.org/resource/Science_Fiction_Oddities>	158
<http://yago-knowledge.org/resource/Science_Fiction_Terror_Tales>	159
<http://yago-knowledge.org/resource/Science_Fiction_Thinking_Machines>	160
<http://yago-knowledge.org/resource/Seven_Come_Infinity>	161
<http://yago-knowledge.org/resource/Seven_Trips_Through_Time_and_Space>	162
<http://yago-knowledge.org/resource/Sisterhood_Is_Global>	163
<http://yago-knowledge.org/resource/Six_Great_Short_Science_Fiction_Novels>	164
<http://yago-knowledge.org/resource/Sleep_No_More_(anthology)>	165
<http://yago-knowledge.org/resource/Songs_of_Love_and_Death_(anthology)>	166
<http://yago-knowledge.org/resource/Songs_of_the_Dying_Earth>	167
<http://yago-knowledge.org/resource/Space_Opera_(1996_anthology)>	168
<http://yago-knowledge.org/resource/Strange_Gifts>	169
<http://yago-knowledge.org/resource/Strange_Ports_of_Call>	170
<http://yago-knowledge.org/resource/Sword_of_Chaos>	171
<http://yago-knowledge.org/resource/Terry_Carr's_Best_Science_Fiction_and_Fantasy_of_the_Year_16>	172
<http://yago-knowledge.org/resource/Terry_Carr's_Best_Science_Fiction_of_the_Year>	173
<http://yago-knowledge.org/resource/Terry_Carr's_Best_Science_Fiction_of_the_Year_15>	174
<http://yago-knowledge.org/resource/The_1972_Annual_World's_Best_SF>	175
<http://yago-knowledge.org/resource/The_1973_Annual_World's_Best_SF>	176
<http://yago-knowledge.org/resource/The_1974_Annual_World's_Best_SF>	177
<http://yago-knowledge.org/resource/The_1975_Annual_World's_Best_SF>	178
<http://yago-knowledge.org/resource/The_1976_Annual_World's_Best_SF>	179
<http://yago-knowledge.org/resource/The_1977_Annual_World's_Best_SF>	180
<http://yago-knowledge.org/resource/The_1978_Annual_World's_Best_SF>	181
<http://yago-knowledge.org/resource/The_1979_Annual_World's_Best_SF>	182
<http://yago-knowledge.org/resource/The_1980_Annual_World's_Best_SF>	183
<http://yago-knowledge.org/resource/The_1981_Annual_World's_Best_SF>	184
<http://yago-knowledge.org/resource/The_1982_Annual_World's_Best_SF>	185
<http://yago-knowledge.org/resource/The_1983_Annual_World's_Best_SF>	186
<http://yago-knowledge.org/resource/The_1984_Annual_World's_Best_SF>	187
<http://yago-knowledge.org/resource/The_1985_Annual_World's_Best_SF>	188
<http://yago-knowledge.org/resource/The_1986_Annual_World's_Best_SF>	189
<http://yago-knowledge.org/resource/The_1987_Annual_World's_Best_SF>	190
<http://yago-knowledge.org/resource/The_1988_Annual_World's_Best_SF>	191
<http://yago-knowledge.org/resource/The_1989_Annual_World's_Best_SF>	192
<http://yago-knowledge.org/resource/The_1990_Annual_World's_Best_SF>	193
<http://yago-knowledge.org/resource/The_Ascent_of_Wonder:_The_Evolution_of_Hard_SF>	194
<http://yago-knowledge.org/resource/The_Astounding_Science_Fiction_Anthology>	195
<http://yago-knowledge.org/resource/The_Best_American_Poetry>	196
<http://yago-knowledge.org/resource/The_Best_American_Poetry_1988>	197
<http://yago-knowledge.org/resource/The_Best_American_Poetry_1989>	198
<http://yago-knowledge.org/resource/The_Best_American_Poetry_1990>	199
<http://yago-knowledge.org/resource/The_Best_American_Poetry_1991>	200
<http://yago-knowledge.org/resource/The_Best_American_Poetry_1992>	201
<http://yago-knowledge.org/resource/The_Best_American_Poetry_1993>	202
<http://yago-knowledge.org/resource/The_Best_American_Poetry_1994>	203
<http://yago-knowledge.org/resource/The_Best_American_Poetry_1995>	204
<http://yago-knowledge.org/resource/The_Best_American_Poetry_1996>	205
<http://yago-knowledge.org/resource/The_Best_American_Poetry_1997>	206
<http://yago-knowledge.org/resource/The_Best_American_Poetry_1998>	207
<http://yago-knowledge.org/resource/The_Best_American_Poetry_1999>	208
<http://yago-knowledge.org/resource/The_Best_American_Poetry_2000>	209
<http://yago-knowledge.org/resource/The_Best_American_Poetry_2001>	210
<http://yago-knowledge.org/resource/The_Best_American_Poetry_2002>	211
<http://yago-knowledge.org/resource/The_Best_American_Poetry_2003>	212
<http://yago-knowledge.org/resource/The_Best_American_Poetry_2004>	213
<http://yago-knowledge.org/resource/The_Best_American_Poetry_2005>	214
<http://yago-knowledge.org/resource/The_Best_American_Poetry_2006>	215
<http://yago-knowledge.org/resource/The_Best_American_Poetry_2007>	216
<http://yago-knowledge.org/resource/The_Best_American_Poetry_2008>	217
<http://yago-knowledge.org/resource/The_Best_American_Poetry_2009>	218
<http://yago-knowledge.org/resource/The_Best_Science_Fiction_Stories:_1949>	219
<http://yago-knowledge.org/resource/The_Best_Science_Fiction_Stories:_1950>	220
<http://yago-knowledge.org/resource/The_Best_Science_Fiction_Stories:_1951>	221
<http://yago-knowledge.org/resource/The_Best_Science_Fiction_Stories:_1952>	222
<http://yago-knowledge.org/resource/The_Best_Science_Fiction_Stories:_1953>	223
<http://yago-knowledge.org/resource/The_Best_Science_Fiction_Stories:_1954>	224
<http://yago-knowledge.org/resource/The_Best_Science_Fiction_of_the_Year_10>	225
<http://yago-knowledge.org/resource/The_Best_Science_Fiction_of_the_Year_11>	226
<http://yago-knowledge.org/resource/The_Best_Science_Fiction_of_the_Year_12>	227
<http://yago-knowledge.org/resource/The_Best_Science_Fiction_of_the_Year_13>	228
<http://yago-knowledge.org/resource/The_Best_Science_Fiction_of_the_Year_1>	229
<http://yago-knowledge.org/resource/The_Best_Science_Fiction_of_the_Year_2>	230
<http://yago-knowledge.org/resource/The_Best_Science_Fiction_of_the_Year_3>	231
<http://yago-knowledge.org/resource/The_Best_Science_Fiction_of_the_Year_4>	232
<http://yago-knowledge.org/resource/The_Best_Science_Fiction_of_the_Year_5>	233
<http://yago-knowledge.org/resource/The_Best_Science_Fiction_of_the_Year_6>	234
<http://yago-knowledge.org/resource/The_Best_Science_Fiction_of_the_Year_7>	235
<http://yago-knowledge.org/resource/The_Best_Science_Fiction_of_the_Year_8>	236
<http://yago-knowledge.org/resource/The_Best_Science_Fiction_of_the_Year_9>	237
<http://yago-knowledge.org/resource/The_Best_Time_Travel_Stories_of_the_20th_Century>	238
<http://yago-knowledge.org/resource/The_Best_of_Science_Fiction>	239
<http://yago-knowledge.org/resource/The_Best_of_the_Best_American_Poetry_1988–1997>	240
<http://yago-knowledge.org/resource/The_Daily_Beast>	241
<http://yago-knowledge.org/resource/The_Dark_Brotherhood_and_Other_Pieces>	242
<http://yago-knowledge.org/resource/The_Economic_Writings_of_Sir_William_Petty>	243
<http://yago-knowledge.org/resource/The_Encyclopedia_of_Christianity>	244
<http://yago-knowledge.org/resource/The_Experience_of_Literature>	245
<http://yago-knowledge.org/resource/The_Fantasy_Hall_of_Fame_(1983_anthology)>	246
<http://yago-knowledge.org/resource/The_Fantasy_Hall_of_Fame_(1998_anthology)>	247
<http://yago-knowledge.org/resource/The_Grantville_Gazette>	248
<http://yago-knowledge.org/resource/The_Keeper's_Price>	249
<http://yago-knowledge.org/resource/The_Last_Dangerous_Visions>	250
<http://yago-knowledge.org/resource/The_Magic_of_Atlantis>	251
<http://yago-knowledge.org/resource/The_Modern_Hebrew_Poem_Itself>	252
<http://yago-knowledge.org/resource/The_Nebula_Awards_18>	253
<http://yago-knowledge.org/resource/The_New_Negro>	254
<http://yago-knowledge.org/resource/The_New_York_Observer>	255
<http://yago-knowledge.org/resource/The_Night_Side>	256
<http://yago-knowledge.org/resource/The_Other_Side_of_the_Moon_(anthology)>	257
<http://yago-knowledge.org/resource/The_Outer_Reaches>	258
<http://yago-knowledge.org/resource/The_Science_Fiction_Bestiary>	259
<http://yago-knowledge.org/resource/The_Science_Fiction_Galaxy>	260
<http://yago-knowledge.org/resource/The_Science_Fiction_Hall_of_Fame,_Volume_One,_1929–1964>	261
<http://yago-knowledge.org/resource/The_Sleeping_and_the_Dead>	262
<http://yago-knowledge.org/resource/The_Space_Opera_Renaissance>	263
<http://yago-knowledge.org/resource/The_Spawn_of_Cthulhu>	264
<http://yago-knowledge.org/resource/The_Thriving_Cult_of_Greed_and_Power>	265
<http://yago-knowledge.org/resource/The_Time_of_Infinity>	266
<http://yago-knowledge.org/resource/The_Unquiet_Grave_(anthology)>	267
<http://yago-knowledge.org/resource/The_World_Treasury_of_Science_Fiction>	268
<http://yago-knowledge.org/resource/The_Year's_Best_Fantasy_Stories:_10>	269
<http://yago-knowledge.org/resource/The_Year's_Best_Fantasy_Stories:_11>	270
<http://yago-knowledge.org/resource/The_Year's_Best_Fantasy_Stories:_12>	271
<http://yago-knowledge.org/resource/The_Year's_Best_Fantasy_Stories:_13>	272
<http://yago-knowledge.org/resource/The_Year's_Best_Fantasy_Stories:_14>	273
<http://yago-knowledge.org/resource/The_Year's_Best_Fantasy_Stories:_2>	274
<http://yago-knowledge.org/resource/The_Year's_Best_Fantasy_Stories:_3>	275
<http://yago-knowledge.org/resource/The_Year's_Best_Fantasy_Stories:_4>	276
<http://yago-knowledge.org/resource/The_Year's_Best_Fantasy_Stories:_5>	277
<http://yago-knowledge.org/resource/The_Year's_Best_Fantasy_Stories:_6>	278
<http://yago-knowledge.org/resource/The_Year's_Best_Fantasy_Stories:_7>	279
<http://yago-knowledge.org/resource/The_Year's_Best_Fantasy_Stories:_8>	280
<http://yago-knowledge.org/resource/The_Year's_Best_Fantasy_Stories:_9>	281
<http://yago-knowledge.org/resource/The_Year's_Best_Fantasy_Stories>	282
<http://yago-knowledge.org/resource/The_Young_Magicians>	283
<http://yago-knowledge.org/resource/Thieves'_World_(book)>	284
<http://yago-knowledge.org/resource/This_Is_How_You_Die>	285
<http://yago-knowledge.org/resource/Time_to_Come>	286
<http://yago-knowledge.org/resource/Towers_of_Darkover>	287
<http://yago-knowledge.org/resource/Travellers_by_Night>	288
<http://yago-knowledge.org/resource/Turn_the_Other_Chick>	289
<http://yago-knowledge.org/resource/Universe_(anthology_series)>	290
<http://yago-knowledge.org/resource/Universe_1_(Silverberg_anthology)>	291
<http://yago-knowledge.org/resource/Universe_2_(Silverberg_anthology)>	292
<http://yago-knowledge.org/resource/Universe_3_(Silverberg_anthology)>	293
<http://yago-knowledge.org/resource/Vox_(website)>	294
<http://yago-knowledge.org/resource/Warriors_(anthology)>	295
<http://yago-knowledge.org/resource/Weird_Tales_(anthology_series)>	296
<http://yago-knowledge.org/resource/Weird_Tales_1>	297
<http://yago-knowledge.org/resource/Weird_Tales_2>	298
<http://yago-knowledge.org/resource/Weird_Tales_3>	299
<http://yago-knowledge.org/resource/Weird_Tales_4>	300
<http://yago-knowledge.org/resource/West_from_Home>	301
<http://yago-knowledge.org/resource/When_Evil_Wakes>	302
<http://yago-knowledge.org/resource/Who_Knocks%3F>	303
<http://yago-knowledge.org/resource/Wizards_(Asimov_anthology)>	304
<http://yago-knowledge.org/resource/World's_Best_Science_Fiction:_1965>	305
<http://yago-knowledge.org/resource/World's_Best_Science_Fiction:_1966>	306
<http://yago-knowledge.org/resource/World's_Best_Science_Fiction:_1967>	307
<http://yago-knowledge.org/resource/World's_Best_Science_Fiction:_1968>	308
<http://yago-knowledge.org/resource/World's_Best_Science_Fiction:_1969>	309
<http://yago-knowledge.org/resource/World's_Best_Science_Fiction:_1970>	310
<http://yago-knowledge.org/resource/World's_Best_Science_Fiction:_1971>	311
<http://yago-knowledge.org/resource/Worlds_of_Tomorrow>	312
<http://yago-knowledge.org/resource/Worlds_of_When>	313
<http://yago-knowledge.org/resource/Year's_Best_Fantasy_and_Horror>	314
<http://yago-knowledge.org/resource/Year's_Best_SF_(Book_1)>	315
<http://yago-knowledge.org/resource/Year's_Best_SF_10>	316
<http://yago-knowledge.org/resource/Year's_Best_SF_11>	317
<http://yago-knowledge.org/resource/Year's_Best_SF_12>	318
<http://yago-knowledge.org/resource/Year's_Best_SF_13>	319
<http://yago-knowledge.org/resource/Year's_Best_SF_14>	320
<http://yago-knowledge.org/resource/Year's_Best_SF_15>	321
<http://yago-knowledge.org/resource/Year's_Best_SF_2>	322
<http://yago-knowledge.org/resource/Year's_Best_SF_3>	323
<http://yago-knowledge.org/resource/Year's_Best_SF_4>	324
<http://yago-knowledge.org/resource/Year's_Best_SF_5>	325
<http://yago-knowledge.org/resource/Year's_Best_SF_6>	326
<http://yago-knowledge.org/resource/Year's_Best_SF_7>	327
<http://yago-knowledge.org/resource/Year's_Best_SF_8>	328
<http://yago-knowledge.org/resource/Year's_Best_SF_9>	329
<http://yago-knowledge.org/resource/Year's_Best_Science_Fiction_Novels:_1952>	330
<http://yago-knowledge.org/resource/Year's_Best_Science_Fiction_Novels:_1953>	331
<http://yago-knowledge.org/resource/Year's_Best_Science_Fiction_Novels:_1954>	332
