<http://yago-knowledge.org/resource/(In_My)_Solitude>	0
<http://yago-knowledge.org/resource/(Love_Is)_The_Tender_Trap>	1
<http://yago-knowledge.org/resource/(We're_Off_on_the)_Road_to_Morocco>	2
<http://yago-knowledge.org/resource/2×5>	3
<http://yago-knowledge.org/resource/4x4_(song)>	4
<http://yago-knowledge.org/resource/7_Rings>	5
<http://yago-knowledge.org/resource/A_Boy_Like_That>	6
<http://yago-knowledge.org/resource/A_Fellow_Needs_a_Girl>	7
<http://yago-knowledge.org/resource/A_Flower>	8
<http://yago-knowledge.org/resource/A_Girl_Worth_Fighting_For>	9
<http://yago-knowledge.org/resource/A_Groovy_Kind_of_Love>	10
<http://yago-knowledge.org/resource/A_Place_for_My_Head>	11
<http://yago-knowledge.org/resource/A_Ship_Without_a_Sail>	12
<http://yago-knowledge.org/resource/A_String_of_Pearls_(song)>	13
<http://yago-knowledge.org/resource/A_Symphony:_New_England_Holidays>	14
<http://yago-knowledge.org/resource/A_Symphony_of_Three_Orchestras>	15
<http://yago-knowledge.org/resource/A_Trumpeter's_Lullaby>	16
<http://yago-knowledge.org/resource/A_Woman's_Worth>	17
<http://yago-knowledge.org/resource/Absolute_Jest>	18
<http://yago-knowledge.org/resource/Ace_in_the_Hole_(Cole_Porter_song)>	19
<http://yago-knowledge.org/resource/After_Hours_(The_Velvet_Underground_song)>	20
<http://yago-knowledge.org/resource/After_You,_Who%3F>	21
<http://yago-knowledge.org/resource/Ain't_She_Sweet>	22
<http://yago-knowledge.org/resource/Ain't_That_a_Kick_in_the_Head%3F>	23
<http://yago-knowledge.org/resource/Air_and_Simple_Gifts>	24
<http://yago-knowledge.org/resource/All_Er_Nuthin'>	25
<http://yago-knowledge.org/resource/All_I_Ever_Need_Is_You_(song)>	26
<http://yago-knowledge.org/resource/All_My_Tomorrows_(song)>	27
<http://yago-knowledge.org/resource/All_Set_(Babbitt)>	28
<http://yago-knowledge.org/resource/All_That_Jazz_(song)>	29
<http://yago-knowledge.org/resource/All_Through_the_Night_(Cole_Porter_song)>	30
<http://yago-knowledge.org/resource/All_Tomorrow's_Parties>	31
<http://yago-knowledge.org/resource/All_of_You_(Cole_Porter_song)>	32
<http://yago-knowledge.org/resource/All_the_Things_You_Are>	33
<http://yago-knowledge.org/resource/All_the_Way_(Frank_Sinatra_song)>	34
<http://yago-knowledge.org/resource/Allegiance:_Patriotic_Song>	35
<http://yago-knowledge.org/resource/Allez-Vous-En>	36
<http://yago-knowledge.org/resource/Almost_There_(The_Princess_and_the_Frog_song)>	37
<http://yago-knowledge.org/resource/Alone_Together_(1932_song)>	38
<http://yago-knowledge.org/resource/Alternative_Energy_(composition)>	39
<http://yago-knowledge.org/resource/Always_True_to_You_in_My_Fashion>	40
<http://yago-knowledge.org/resource/America_(West_Side_Story_song)>	41
<http://yago-knowledge.org/resource/American_Berserk>	42
<http://yago-knowledge.org/resource/American_Gothic_(composition)>	43
<http://yago-knowledge.org/resource/American_Life_(song)>	44
<http://yago-knowledge.org/resource/American_Standard_(Adams)>	45
<http://yago-knowledge.org/resource/Ancient_Voices_of_Children>	46
<http://yago-knowledge.org/resource/Angel_(Madonna_song)>	47
<http://yago-knowledge.org/resource/Another_Day_of_Sun>	48
<http://yago-knowledge.org/resource/Another_Op'nin',_Another_Show>	49
<http://yago-knowledge.org/resource/Anthology_of_Fantastic_Zoology>	50
<http://yago-knowledge.org/resource/Anything_Goes_(Cole_Porter_song)>	51
<http://yago-knowledge.org/resource/Apartment_House_1776>	52
<http://yago-knowledge.org/resource/Applause_(Bonnie_Franklin_song)>	53
<http://yago-knowledge.org/resource/April_Love_(song)>	54
<http://yago-knowledge.org/resource/Aren't_You_Glad_You're_You%3F>	55
<http://yago-knowledge.org/resource/As_Slow_as_Possible>	56
<http://yago-knowledge.org/resource/Asko_Concerto>	57
<http://yago-knowledge.org/resource/At_Long_Last_Love_(song)>	58
<http://yago-knowledge.org/resource/At_the_Royal_Majestic>	59
<http://yago-knowledge.org/resource/Audition_(The_Fools_Who_Dream)>	60
<http://yago-knowledge.org/resource/Auditorium_(composition)>	61
<http://yago-knowledge.org/resource/August_4,_1964>	62
<http://yago-knowledge.org/resource/Baby_It's_You>	63
<http://yago-knowledge.org/resource/Bad_Girl_(Madonna_song)>	64
<http://yago-knowledge.org/resource/Bags'_Groove_(composition)>	65
<http://yago-knowledge.org/resource/Bali_Ha'i>	66
<http://yago-knowledge.org/resource/Be_a_Clown>	67
<http://yago-knowledge.org/resource/Begin_the_Beguine>	68
<http://yago-knowledge.org/resource/Bells_for_Stokowski>	69
<http://yago-knowledge.org/resource/Bewitched,_Bothered_and_Bewildered>	70
<http://yago-knowledge.org/resource/Bibbidi-Bobbidi-Boo>	71
<http://yago-knowledge.org/resource/Big_Bad_Bill_(Is_Sweet_William_Now)>	72
<http://yago-knowledge.org/resource/Bill_(song)>	73
<http://yago-knowledge.org/resource/Bitch_I'm_Madonna>	74
<http://yago-knowledge.org/resource/Black_Angels_(Crumb)>	75
<http://yago-knowledge.org/resource/Black_Coffee_(1948_song)>	76
<http://yago-knowledge.org/resource/Blackout_(Linkin_Park_song)>	77
<http://yago-knowledge.org/resource/Blue_Moon_(1934_song)>	78
<http://yago-knowledge.org/resource/Blue_Room_(1926_song)>	79
<http://yago-knowledge.org/resource/Blue_Tango>	80
<http://yago-knowledge.org/resource/Body_and_Soul_(1930_song)>	81
<http://yago-knowledge.org/resource/Bonham_(Rouse)>	82
<http://yago-knowledge.org/resource/Born_This_Way_(song)>	83
<http://yago-knowledge.org/resource/Boston_Concerto>	84
<http://yago-knowledge.org/resource/Boys'_Night_Out_(song)>	85
<http://yago-knowledge.org/resource/Break_It_to_Me_Gently_(Aretha_Franklin_song)>	86
<http://yago-knowledge.org/resource/Break_On_Through_(To_the_Other_Side)>	87
<http://yago-knowledge.org/resource/Breakers_(song)>	88
<http://yago-knowledge.org/resource/Bring_Back_My_Daddy_to_Me>	89
<http://yago-knowledge.org/resource/But_Beautiful_(song)>	90
<http://yago-knowledge.org/resource/But_what_about_the_noise_of_crumpling_paper_which_he_used_to_do_in_order_to_paint_the_series_of_%22Papiers_froissés%22_or_tearing_up_paper_to_make_%22Papiers_déchirés%3F%22_Arp_was_stimulated_by_water_(sea,_lake,_and_flowing_waters_like_rivers),_forests>	91
<http://yago-knowledge.org/resource/Bye_Bye_Baby_(Madonna_song)>	92
<http://yago-knowledge.org/resource/C'est_Magnifique>	93
<http://yago-knowledge.org/resource/Ca,_C'est_L'amour>	94
<http://yago-knowledge.org/resource/Cabaret_(Cabaret_song)>	95
<http://yago-knowledge.org/resource/Calcium_Light_Night>	96
<http://yago-knowledge.org/resource/California_Snow>	97
<http://yago-knowledge.org/resource/Californication_(song)>	98
<http://yago-knowledge.org/resource/Call_Me_Irresponsible>	99
<http://yago-knowledge.org/resource/Campane_di_Ravello>	100
<http://yago-knowledge.org/resource/Can't_Help_Lovin'_Dat_Man>	101
<http://yago-knowledge.org/resource/Can't_Remember_to_Forget_You>	102
<http://yago-knowledge.org/resource/Can't_Wait_'Til_Christmas>	103
<http://yago-knowledge.org/resource/Can_You_Tell_Me_How_to_Get_to_Sesame_Street%3F>	104
<http://yago-knowledge.org/resource/Candy_(1944_song)>	105
<http://yago-knowledge.org/resource/Candy_Shop_(Madonna_song)>	106
<http://yago-knowledge.org/resource/Capriccio_for_Harp_and_String_Orchestra>	107
<http://yago-knowledge.org/resource/Cassandra's_Dream_(soundtrack)>	108
<http://yago-knowledge.org/resource/Celebration_(Madonna_song)>	109
<http://yago-knowledge.org/resource/Celebration_of_the_Lizard>	110
<http://yago-knowledge.org/resource/Cell_Block_Tango>	111
<http://yago-knowledge.org/resource/Cello_Concerto_(Albert)>	112
<http://yago-knowledge.org/resource/Cello_Concerto_(Bates)>	113
<http://yago-knowledge.org/resource/Cello_Concerto_(Carter)>	114
<http://yago-knowledge.org/resource/Cello_Concerto_No._1_(Glass)>	115
<http://yago-knowledge.org/resource/Cello_Counterpoint>	116
<http://yago-knowledge.org/resource/Central_Park_in_the_Dark>	117
<http://yago-knowledge.org/resource/Century_Rolls>	118
<http://yago-knowledge.org/resource/Chains_(Cookies_song)>	119
<http://yago-knowledge.org/resource/Chamber_Symphony_(Adams)>	120
<http://yago-knowledge.org/resource/Chanting_the_Light_of_Foresight>	121
<http://yago-knowledge.org/resource/Cheap_Imitation>	122
<http://yago-knowledge.org/resource/Chelsea_Girls_(song)>	123
<http://yago-knowledge.org/resource/Chichester_Psalms>	124
<http://yago-knowledge.org/resource/Chillin'_Like_a_Villain>	125
<http://yago-knowledge.org/resource/China_Gates>	126
<http://yago-knowledge.org/resource/Christian_Zeal_and_Activity>	127
<http://yago-knowledge.org/resource/City_Life_(music)>	128
<http://yago-knowledge.org/resource/City_Noir>	129
<http://yago-knowledge.org/resource/Clapping_Music>	130
<http://yago-knowledge.org/resource/Clarinet_Concerto_(Carter)>	131
<http://yago-knowledge.org/resource/Clarinet_Concerto_(Corigliano)>	132
<http://yago-knowledge.org/resource/Clarinet_Concerto_(Piston)>	133
<http://yago-knowledge.org/resource/Clarinet_Concerto_(Rouse)>	134
<http://yago-knowledge.org/resource/Cliffs_of_Dover_(composition)>	135
<http://yago-knowledge.org/resource/Climb_Ev'ry_Mountain>	136
<http://yago-knowledge.org/resource/Cloudburst_(Whitacre)>	137
<http://yago-knowledge.org/resource/Collage_(Horner)>	138
<http://yago-knowledge.org/resource/Come_Dance_with_Me_(song)>	139
<http://yago-knowledge.org/resource/Come_Get_It_Bae>	140
<http://yago-knowledge.org/resource/Come_Out_(Reich)>	141
<http://yago-knowledge.org/resource/Comin'_In_on_a_Wing_and_a_Prayer>	142
<http://yago-knowledge.org/resource/Composition_for_Four_Instruments>	143
<http://yago-knowledge.org/resource/Composition_for_Twelve_Instruments>	144
<http://yago-knowledge.org/resource/Concerto_Fantasy_for_Two_Timpanists_and_Orchestra>	145
<http://yago-knowledge.org/resource/Concerto_for_Orchestra_(Carter)>	146
<http://yago-knowledge.org/resource/Concerto_for_Orchestra_(Sessions)>	147
<http://yago-knowledge.org/resource/Conjurer_(composition)>	148
<http://yago-knowledge.org/resource/Construction_(Cage)>	149
<http://yago-knowledge.org/resource/Cool_(West_Side_Story_song)>	150
<http://yago-knowledge.org/resource/Correspondences_(Babbitt)>	151
<http://yago-knowledge.org/resource/Credo_in_Us>	152
<http://yago-knowledge.org/resource/Dance_Suite_(Bernstein)>	153
<http://yago-knowledge.org/resource/Dancing_in_the_Dark_(Howard_Dietz_and_Arthur_Schwartz_song)>	154
<http://yago-knowledge.org/resource/Dancing_on_the_Ceiling_(1930_song)>	155
<http://yago-knowledge.org/resource/Daniel_Variations>	156
<http://yago-knowledge.org/resource/Darn_That_Dream>	157
<http://yago-knowledge.org/resource/Dead_Elvis_(composition)>	158
<http://yago-knowledge.org/resource/Deeper_and_Deeper>	159
<http://yago-knowledge.org/resource/Desert_Transport>	160
<http://yago-knowledge.org/resource/Despedida_(Shakira_song)>	161
<http://yago-knowledge.org/resource/Deus_ex_Machina_(Daugherty)>	162
<http://yago-knowledge.org/resource/Devil_Pray>	163
<http://yago-knowledge.org/resource/Devil_in_a_New_Dress>	164
<http://yago-knowledge.org/resource/Dialogues_(Carter)>	165
<http://yago-knowledge.org/resource/Dialogues_II>	166
<http://yago-knowledge.org/resource/Die_Another_Day_(song)>	167
<http://yago-knowledge.org/resource/Different_Trains>	168
<http://yago-knowledge.org/resource/Do-Re-Mi>	169
<http://yago-knowledge.org/resource/Do_I_Love_You%3F>	170
<http://yago-knowledge.org/resource/Do_You_Know_What_It_Means_to_Miss_New_Orleans%3F>	171
<http://yago-knowledge.org/resource/Do_You_Love_Me%3F_(Fiddler_on_the_Roof)>	172
<http://yago-knowledge.org/resource/Do_You_Want_to_Build_a_Snowman%3F>	173
<http://yago-knowledge.org/resource/Don't_Ever_Change_(song)>	174
<http://yago-knowledge.org/resource/Don't_Fence_Me_In_(song)>	175
<http://yago-knowledge.org/resource/Double_Concerto_(Carter)>	176
<http://yago-knowledge.org/resource/Double_Concerto_(Harbison)>	177
<http://yago-knowledge.org/resource/Double_Concerto_(Rorem)>	178
<http://yago-knowledge.org/resource/Double_Sextet>	179
<http://yago-knowledge.org/resource/Down_in_New_Orleans_(song)>	180
<http://yago-knowledge.org/resource/Down_in_the_Depths_(On_the_Ninetieth_Floor)>	181
<http://yago-knowledge.org/resource/Draft_Dodger_Rag>	182
<http://yago-knowledge.org/resource/Dream_Dancing_(Cole_Porter_song)>	183
<http://yago-knowledge.org/resource/Dreamwaltzes>	184
<http://yago-knowledge.org/resource/Drumming_(Reich)>	185
<http://yago-knowledge.org/resource/Edelweiss_(song)>	186
<http://yago-knowledge.org/resource/Eh,_Eh_(Nothing_Else_I_Can_Say)>	187
<http://yago-knowledge.org/resource/Eight_Pieces_for_Four_Timpani>	188
<http://yago-knowledge.org/resource/Electric_Counterpoint>	189
<http://yago-knowledge.org/resource/Elegy_(Corigliano)>	190
<http://yago-knowledge.org/resource/Emerson_Concerto>	191
<http://yago-knowledge.org/resource/Erotica_(song)>	192
<http://yago-knowledge.org/resource/European_Son>	193
<http://yago-knowledge.org/resource/Ev'ry_Time_We_Say_Goodbye>	194
<http://yago-knowledge.org/resource/Ev'rything_I've_Got>	195
<http://yago-knowledge.org/resource/Everybody_(Madonna_song)>	196
<http://yago-knowledge.org/resource/Express_Yourself_(Madonna_song)>	197
<http://yago-knowledge.org/resource/Falling_in_Love_with_Love>	198
<http://yago-knowledge.org/resource/Fallingwater_(composition)>	199
<http://yago-knowledge.org/resource/Famous_Blue_Raincoat>	200
<http://yago-knowledge.org/resource/Fantasia_for_Violin_and_Orchestra_(Piston)>	201
<http://yago-knowledge.org/resource/Femme_Fatale_(The_Velvet_Underground_song)>	202
<http://yago-knowledge.org/resource/Fiddle_Faddle_(musical_composition)>	203
<http://yago-knowledge.org/resource/Fire_and_Blood_(Daugherty)>	204
<http://yago-knowledge.org/resource/Five_to_One>	205
<http://yago-knowledge.org/resource/Fixer_Upper_(song)>	206
<http://yago-knowledge.org/resource/Flute_Concerto_(Carter)>	207
<http://yago-knowledge.org/resource/Flute_Concerto_(Kernis)>	208
<http://yago-knowledge.org/resource/For_the_First_Time_in_Forever>	209
<http://yago-knowledge.org/resource/Four_Organs>	210
<http://yago-knowledge.org/resource/Friends_on_the_Other_Side>	211
<http://yago-knowledge.org/resource/From_This_Moment_On_(Cole_Porter_song)>	212
<http://yago-knowledge.org/resource/Frozen_Heart>	213
<http://yago-knowledge.org/resource/Gaea_(Bolcom)>	214
<http://yago-knowledge.org/resource/Garages_of_the_Valley>	215
<http://yago-knowledge.org/resource/GetItRight>	216
<http://yago-knowledge.org/resource/Get_Happy_(song)>	217
<http://yago-knowledge.org/resource/Get_Me_to_the_Church_on_Time>	218
<http://yago-knowledge.org/resource/Get_Together_(Madonna_song)>	219
<http://yago-knowledge.org/resource/Get_Well_Soon_(song)>	220
<http://yago-knowledge.org/resource/Getting_to_Know_You_(song)>	221
<http://yago-knowledge.org/resource/Ghost_Ranch_(composition)>	222
<http://yago-knowledge.org/resource/Ghosttown_(Madonna_song)>	223
<http://yago-knowledge.org/resource/Gigi_(song)>	224
<http://yago-knowledge.org/resource/Girl_Gone_Wild>	225
<http://yago-knowledge.org/resource/Girlfriend_(Alicia_Keys_song)>	226
<http://yago-knowledge.org/resource/Girlfriend_Is_Better>	227
<http://yago-knowledge.org/resource/Give_It_Back_to_the_Indians>	228
<http://yago-knowledge.org/resource/Give_Me_All_Your_Luvin'>	229
<http://yago-knowledge.org/resource/Glad_to_Be_Unhappy>	230
<http://yago-knowledge.org/resource/Gnarly_Buttons>	231
<http://yago-knowledge.org/resource/Go_the_Distance>	232
<http://yago-knowledge.org/resource/God_Control>	233
<http://yago-knowledge.org/resource/Grand_Pianola_Music>	234
<http://yago-knowledge.org/resource/Guide_to_Strange_Places>	235
<http://yago-knowledge.org/resource/Guns_for_Hands>	236
<http://yago-knowledge.org/resource/HPSCHD>	237
<http://yago-knowledge.org/resource/Hail,_Columbia>	238
<http://yago-knowledge.org/resource/Hallelujah_(Leonard_Cohen_song)>	239
<http://yago-knowledge.org/resource/Hallelujah_Junction>	240
<http://yago-knowledge.org/resource/Happy_(Pharrell_Williams_song)>	241
<http://yago-knowledge.org/resource/Happy_Days_Are_Here_Again>	242
<http://yago-knowledge.org/resource/Happy_Talk_(song)>	243
<http://yago-knowledge.org/resource/Harmonielehre>	244
<http://yago-knowledge.org/resource/Harmonium_(Adams)>	245
<http://yago-knowledge.org/resource/Harpsichord_Concerto_(Glass)>	246
<http://yago-knowledge.org/resource/Hashkiveinu_(Bernstein)>	247
<http://yago-knowledge.org/resource/Have_You_Met_Miss_Jones%3F>	248
<http://yago-knowledge.org/resource/He_Gives_Us_All_His_Love>	249
<http://yago-knowledge.org/resource/He_Was_Too_Good_to_Me>	250
<http://yago-knowledge.org/resource/Hello,_I_Love_You>	251
<http://yago-knowledge.org/resource/Hello,_My_Lover,_Goodbye>	252
<http://yago-knowledge.org/resource/Hello,_Young_Lovers_(song)>	253
<http://yago-knowledge.org/resource/Here's_That_Rainy_Day>	254
<http://yago-knowledge.org/resource/Here's_to_the_State_of_Mississippi>	255
<http://yago-knowledge.org/resource/Here_She_Comes_Now>	256
<http://yago-knowledge.org/resource/Here_in_My_Arms>	257
<http://yago-knowledge.org/resource/Hernando's_Hideaway>	258
<http://yago-knowledge.org/resource/Heroin_(The_Velvet_Underground_song)>	259
<http://yago-knowledge.org/resource/Hey_There>	260
<http://yago-knowledge.org/resource/Hey_You_(Madonna_song)>	261
<http://yago-knowledge.org/resource/High_Hopes_(Frank_Sinatra_song)>	262
<http://yago-knowledge.org/resource/High_Society_Calypso>	263
<http://yago-knowledge.org/resource/High_We_Exalt_Thee,_Realm_of_the_Free>	264
<http://yago-knowledge.org/resource/Hold_Tight_(Madonna_song)>	265
<http://yago-knowledge.org/resource/Holiday_Overture>	266
<http://yago-knowledge.org/resource/Hollaback_Girl>	267
<http://yago-knowledge.org/resource/Honor_to_Us_All>	268
<http://yago-knowledge.org/resource/Horn_Concerto_(Carter)>	269
<http://yago-knowledge.org/resource/Horse_Latitudes_(song)>	270
<http://yago-knowledge.org/resource/House_of_Gold_(Twenty_One_Pilots_song)>	271
<http://yago-knowledge.org/resource/How's_It_Going_to_Be>	272
<http://yago-knowledge.org/resource/Hung_Up>	273
<http://yago-knowledge.org/resource/Hunter_(Dido_song)>	274
<http://yago-knowledge.org/resource/I'll_Be_Your_Mirror>	275
<http://yago-knowledge.org/resource/I'll_Make_a_Man_Out_of_You>	276
<http://yago-knowledge.org/resource/I'll_Tell_the_Man_in_the_Street>	277
<http://yago-knowledge.org/resource/I'm_Gonna_Wash_That_Man_Right_Outa_My_Hair>	278
<http://yago-knowledge.org/resource/I'm_Just_a_Lucky_So-and-So>	279
<http://yago-knowledge.org/resource/I'm_Not_a_Girl,_Not_Yet_a_Woman>	280
<http://yago-knowledge.org/resource/I'm_Waiting_for_the_Man>	281
<http://yago-knowledge.org/resource/I'm_in_Love_with_a_Wonderful_Guy>	282
<http://yago-knowledge.org/resource/I've_Got_Five_Dollars>	283
<http://yago-knowledge.org/resource/I've_Got_My_Eyes_on_You_(1939_song)>	284
<http://yago-knowledge.org/resource/I've_Got_You_Under_My_Skin>	285
<http://yago-knowledge.org/resource/I've_Grown_Accustomed_to_Her_Face>	286
<http://yago-knowledge.org/resource/I've_Told_Ev'ry_Little_Star>	287
<http://yago-knowledge.org/resource/I_Ain't_Marching_Anymore_(song)>	288
<http://yago-knowledge.org/resource/I_Am_in_Love>	289
<http://yago-knowledge.org/resource/I_Cain't_Say_No>	290
<http://yago-knowledge.org/resource/I_Concentrate_on_You>	291
<http://yago-knowledge.org/resource/I_Could_Have_Danced_All_Night>	292
<http://yago-knowledge.org/resource/I_Could_Write_a_Book>	293
<http://yago-knowledge.org/resource/I_Cover_the_Waterfront_(song)>	294
<http://yago-knowledge.org/resource/I_Didn't_Know_What_Time_It_Was>	295
<http://yago-knowledge.org/resource/I_Enjoy_Being_a_Girl>	296
<http://yago-knowledge.org/resource/I_Feel_Pretty>	297
<http://yago-knowledge.org/resource/I_Get_a_Kick_Out_of_You>	298
<http://yago-knowledge.org/resource/I_Got_It_Bad_(and_That_Ain't_Good)>	299
<http://yago-knowledge.org/resource/I_Happen_to_Like_New_York>	300
<http://yago-knowledge.org/resource/I_Have_Dreamed_(song)>	301
<http://yago-knowledge.org/resource/I_Heard_Her_Call_My_Name>	302
<http://yago-knowledge.org/resource/I_Just_Found_Out_About_Love>	303
<http://yago-knowledge.org/resource/I_Like_to_Recognize_the_Tune>	304
<http://yago-knowledge.org/resource/I_Love_Paris>	305
<http://yago-knowledge.org/resource/I_Love_You,_Samantha>	306
<http://yago-knowledge.org/resource/I_Thought_About_You>	307
<http://yago-knowledge.org/resource/I_Wanna_Be_Loved>	308
<http://yago-knowledge.org/resource/I_Wanna_Be_Loved_by_You>	309
<http://yago-knowledge.org/resource/I_Whistle_a_Happy_Tune>	310
<http://yago-knowledge.org/resource/I_Wish_I_Were_in_Love_Again>	311
<http://yago-knowledge.org/resource/I_Won't_Dance>	312
<http://yago-knowledge.org/resource/I_Won't_Say_(I'm_in_Love)>	313
<http://yago-knowledge.org/resource/Icarian_Rhapsody>	314
<http://yago-knowledge.org/resource/If_I_Ain't_Got_You>	315
<http://yago-knowledge.org/resource/If_I_Didn't_Have_You_(Disney_song)>	316
<http://yago-knowledge.org/resource/If_I_Loved_You>	317
<http://yago-knowledge.org/resource/If_I_Rise>	318
<http://yago-knowledge.org/resource/If_I_Were_a_Rich_Man_(song)>	319
<http://yago-knowledge.org/resource/Imaginary_Landscape_No._1>	320
<http://yago-knowledge.org/resource/Imaginary_Landscape_No._2_(March_No._1)>	321
<http://yago-knowledge.org/resource/Imaginary_Landscape_No._3>	322
<http://yago-knowledge.org/resource/Imaginary_Landscape_No._4_(March_No._2)>	323
<http://yago-knowledge.org/resource/Imaginary_Landscape_No._5>	324
<http://yago-knowledge.org/resource/Imagination_(1940_song)>	325
<http://yago-knowledge.org/resource/In_C>	326
<http://yago-knowledge.org/resource/In_My_Secret_Life>	327
<http://yago-knowledge.org/resource/In_Summer>	328
<http://yago-knowledge.org/resource/In_the_Still_of_the_Night_(Cole_Porter_song)>	329
<http://yago-knowledge.org/resource/In_the_Sun_(She_&_Him_song)>	330
<http://yago-knowledge.org/resource/Indian_Love_Call>	331
<http://yago-knowledge.org/resource/Indian_Suite>	332
<http://yago-knowledge.org/resource/Interventions_(Carter)>	333
<http://yago-knowledge.org/resource/Into_the_Unknown_(Disney_song)>	334
<http://yago-knowledge.org/resource/Isn't_It_Romantic%3F>	335
<http://yago-knowledge.org/resource/It's_All_Right_with_Me>	336
<http://yago-knowledge.org/resource/It's_Always_You>	337
<http://yago-knowledge.org/resource/It's_De-Lovely>	338
<http://yago-knowledge.org/resource/It's_Easy_to_Remember_(And_So_Hard_to_Forget)>	339
<http://yago-knowledge.org/resource/It's_Goin'_Down_(Descendants_song)>	340
<http://yago-knowledge.org/resource/It's_Gonna_Rain>	341
<http://yago-knowledge.org/resource/It's_a_Hap-Hap-Happy_Day>	342
<http://yago-knowledge.org/resource/It's_a_Scandal!_It's_a_Outrage!>	343
<http://yago-knowledge.org/resource/It's_the_Dreamer_in_Me>	344
<http://yago-knowledge.org/resource/It_Could_Happen_to_You_(song)>	345
<http://yago-knowledge.org/resource/It_Goes_Like_It_Goes>	346
<http://yago-knowledge.org/resource/It_Might_Be_You>	347
<http://yago-knowledge.org/resource/It_Might_as_Well_Be_Spring>	348
<http://yago-knowledge.org/resource/It_Never_Entered_My_Mind>	349
<http://yago-knowledge.org/resource/Itsy_Bitsy_Teenie_Weenie_Yellow_Polkadot_Bikini>	350
<http://yago-knowledge.org/resource/Jeu_de_timbres>	351
<http://yago-knowledge.org/resource/John's_Book_of_Alleged_Dances>	352
<http://yago-knowledge.org/resource/Johnny's_In_Town>	353
<http://yago-knowledge.org/resource/Johnny_One_Note>	354
<http://yago-knowledge.org/resource/Jumpsuit_(song)>	355
<http://yago-knowledge.org/resource/Just_Like_Washington_Crossed_the_Delaware,_General_Pershing_Will_Cross_the_Rhine>	356
<http://yago-knowledge.org/resource/Just_One_of_Those_Things_(song)>	357
<http://yago-knowledge.org/resource/Justify_My_Love>	358
<http://yago-knowledge.org/resource/Kansas_City_(Oklahoma!)>	359
<http://yago-knowledge.org/resource/Karma_(Alicia_Keys_song)>	360
<http://yago-knowledge.org/resource/Keep_It_Together_(song)>	361
<http://yago-knowledge.org/resource/Keep_the_Car_Running>	362
<http://yago-knowledge.org/resource/Kids_See_Ghosts_(song)>	363
<http://yago-knowledge.org/resource/L.A._Woman_(song)>	364
<http://yago-knowledge.org/resource/La_Isla_Bonita>	365
<http://yago-knowledge.org/resource/Lady_Godiva's_Operation>	366
<http://yago-knowledge.org/resource/Laura_(1945_song)>	367
<http://yago-knowledge.org/resource/Let's_Do_It,_Let's_Fall_in_Love>	368
<http://yago-knowledge.org/resource/Let's_Misbehave>	369
<http://yago-knowledge.org/resource/Let_It_Go>	370
<http://yago-knowledge.org/resource/Levitate_(Twenty_One_Pilots_song)>	371
<http://yago-knowledge.org/resource/Light_My_Fire>	372
<http://yago-knowledge.org/resource/Like_Someone_in_Love>	373
<http://yago-knowledge.org/resource/Like_a_Prayer_(song)>	374
<http://yago-knowledge.org/resource/Lime_Jello_Marshmallow_Cottage_Cheese_Surprise>	375
<http://yago-knowledge.org/resource/Liquid_Interface>	376
<http://yago-knowledge.org/resource/Little_Girl_Blue_(song)>	377
<http://yago-knowledge.org/resource/Little_One_(1956_song)>	378
<http://yago-knowledge.org/resource/Living_Room_Music>	379
<http://yago-knowledge.org/resource/Living_for_Love>	380
<http://yago-knowledge.org/resource/Lollapalooza_(Adams)>	381
<http://yago-knowledge.org/resource/Lonely_Room>	382
<http://yago-knowledge.org/resource/Love_Is_Alive_(Gary_Wright_song)>	383
<http://yago-knowledge.org/resource/Love_Is_a_Many-Splendored_Thing_(song)>	384
<http://yago-knowledge.org/resource/Love_Is_an_Open_Door>	385
<http://yago-knowledge.org/resource/Love_Me,_I'm_a_Liberal>	386
<http://yago-knowledge.org/resource/Love_Profusion>	387
<http://yago-knowledge.org/resource/Love_Song_(Sara_Bareilles_song)>	388
<http://yago-knowledge.org/resource/Love_Street>	389
<http://yago-knowledge.org/resource/Love_for_Sale_(song)>	390
<http://yago-knowledge.org/resource/Lovely_(Twenty_One_Pilots_song)>	391
<http://yago-knowledge.org/resource/Lover_(Rodgers_and_Hart_song)>	392
<http://yago-knowledge.org/resource/Lying_from_You>	393
<http://yago-knowledge.org/resource/Madras_Symphony>	394
<http://yago-knowledge.org/resource/Make_Believe_(Jerome_Kern_song)>	395
<http://yago-knowledge.org/resource/Mallet_Quartet>	396
<http://yago-knowledge.org/resource/Manhattan_(song)>	397
<http://yago-knowledge.org/resource/Many_a_New_Day>	398
<http://yago-knowledge.org/resource/Maria_(Rodgers_and_Hammerstein_song)>	399
<http://yago-knowledge.org/resource/Maria_(West_Side_Story_song)>	400
<http://yago-knowledge.org/resource/Masquerade_(The_Phantom_of_the_Opera_song)>	401
<http://yago-knowledge.org/resource/Masterpiece_(Madonna_song)>	402
<http://yago-knowledge.org/resource/Metropolis_Symphony>	403
<http://yago-knowledge.org/resource/Miles_Away_(Madonna_song)>	404
<http://yago-knowledge.org/resource/Mimi_(song)>	405
<http://yago-knowledge.org/resource/Mirrors_(Natalia_Kills_song)>	406
<http://yago-knowledge.org/resource/Miss_Otis_Regrets>	407
<http://yago-knowledge.org/resource/Missa_Brevis_(Bernstein)>	408
<http://yago-knowledge.org/resource/Monsters_of_Grace>	409
<http://yago-knowledge.org/resource/Moonlight_Becomes_You_(song)>	410
<http://yago-knowledge.org/resource/Moonlight_Drive>	411
<http://yago-knowledge.org/resource/Mothership_(composition)>	412
<http://yago-knowledge.org/resource/Mountain_Greenery>	413
<http://yago-knowledge.org/resource/Music_(Madonna_song)>	414
<http://yago-knowledge.org/resource/Music_for_Mallet_Instruments,_Voices_and_Organ>	415
<http://yago-knowledge.org/resource/Music_for_Piano_(Cage)>	416
<http://yago-knowledge.org/resource/Music_for_a_Large_Ensemble>	417
<http://yago-knowledge.org/resource/Music_for_an_Aquatic_Ballet>	418
<http://yago-knowledge.org/resource/My_Beautiful_Scream>	419
<http://yago-knowledge.org/resource/My_Father_Knew_Charles_Ives>	420
<http://yago-knowledge.org/resource/My_Favorite_Things_(song)>	421
<http://yago-knowledge.org/resource/My_Funny_Valentine>	422
<http://yago-knowledge.org/resource/My_Heart_Belongs_to_Daddy>	423
<http://yago-knowledge.org/resource/My_Heart_Stood_Still>	424
<http://yago-knowledge.org/resource/My_Heart_Will_Go_On>	425
<http://yago-knowledge.org/resource/My_Kind_of_Town>	426
<http://yago-knowledge.org/resource/My_Prairie_Song_Bird>	427
<http://yago-knowledge.org/resource/My_Rainbow_Race>	428
<http://yago-knowledge.org/resource/My_Romance_(song)>	429
<http://yago-knowledge.org/resource/My_Wild_Love>	430
<http://yago-knowledge.org/resource/My_Yiddishe_Momme>	431
<http://yago-knowledge.org/resource/Nancy_(with_the_Laughing_Face)>	432
<http://yago-knowledge.org/resource/Naïve_and_Sentimental_Music>	433
<http://yago-knowledge.org/resource/New_Age_(The_Velvet_Underground_song)>	434
<http://yago-knowledge.org/resource/New_England_Triptych>	435
<http://yago-knowledge.org/resource/New_York,_New_York_(On_the_Town)>	436
<http://yago-knowledge.org/resource/New_York_Counterpoint>	437
<http://yago-knowledge.org/resource/New_York_State_of_Mind>	438
<http://yago-knowledge.org/resource/Niagara_Falls_(composition)>	439
<http://yago-knowledge.org/resource/Nico_and_the_Niners>	440
<http://yago-knowledge.org/resource/Night_and_Day_(song)>	441
<http://yago-knowledge.org/resource/No_Other_Love_(1953_song)>	442
<http://yago-knowledge.org/resource/No_Way_to_Stop_It>	443
<http://yago-knowledge.org/resource/Nobody_Knows_Me>	444
<http://yago-knowledge.org/resource/Nothing_Fails>	445
<http://yago-knowledge.org/resource/Now_You_Has_Jazz>	446
<http://yago-knowledge.org/resource/Nowth_upon_Nacht>	447
<http://yago-knowledge.org/resource/Oboe_Concerto_(Carter)>	448
<http://yago-knowledge.org/resource/Oboe_Concerto_(Corigliano)>	449
<http://yago-knowledge.org/resource/Oboe_Concerto_(Harbison)>	450
<http://yago-knowledge.org/resource/Oboe_Concerto_(Rouse)>	451
<http://yago-knowledge.org/resource/Octavo_Día>	452
<http://yago-knowledge.org/resource/Oh,_What_a_Beautiful_Mornin'>	453
<http://yago-knowledge.org/resource/Ohio_(1953_song)>	454
<http://yago-knowledge.org/resource/Oklahoma_(Rodgers_and_Hammerstein_song)>	455
<http://yago-knowledge.org/resource/Ol'_Man_River>	456
<http://yago-knowledge.org/resource/On_a_Clear_Day_(You_Can_See_Forever)>	457
<http://yago-knowledge.org/resource/On_the_Transmigration_of_Souls>	458
<http://yago-knowledge.org/resource/Once_in_a_Lifetime_(Talking_Heads_song)>	459
<http://yago-knowledge.org/resource/One_Hand,_One_Heart>	460
<http://yago-knowledge.org/resource/One_Sweet_Morning>	461
<http://yago-knowledge.org/resource/One_Way_Ticket_(Stephen_Lawrence_song)>	462
<http://yago-knowledge.org/resource/Open_Your_Heart_(Madonna_song)>	463
<http://yago-knowledge.org/resource/Opening_Prayer>	464
<http://yago-knowledge.org/resource/Orchestral_Set_No._2>	465
<http://yago-knowledge.org/resource/Out_of_Nowhere_(Johnny_Green_song)>	466
<http://yago-knowledge.org/resource/Pale_Blue_Eyes>	467
<http://yago-knowledge.org/resource/Pas_de_Deux_(Horner)>	468
<http://yago-knowledge.org/resource/Passion_(Utada_Hikaru_song)>	469
<http://yago-knowledge.org/resource/Peace_Frog>	470
<http://yago-knowledge.org/resource/Pendulum_Music>	471
<http://yago-knowledge.org/resource/Pennies_from_Heaven_(song)>	472
<http://yago-knowledge.org/resource/People_Will_Say_We're_in_Love>	473
<http://yago-knowledge.org/resource/Perfect_Day_(Lou_Reed_song)>	474
<http://yago-knowledge.org/resource/Personality_(Jimmy_Van_Heusen_and_Johnny_Burke_song)>	475
<http://yago-knowledge.org/resource/Phantasmata>	476
<http://yago-knowledge.org/resource/Philomel_(Babbitt)>	477
<http://yago-knowledge.org/resource/Pi's_Lullaby>	478
<http://yago-knowledge.org/resource/Piano_Concerto_(Carter)>	479
<http://yago-knowledge.org/resource/Piano_Concerto_(Corigliano)>	480
<http://yago-knowledge.org/resource/Piano_Concerto_(Tan_Dun)>	481
<http://yago-knowledge.org/resource/Piano_Concerto_No._1_(Lieberson)>	482
<http://yago-knowledge.org/resource/Piano_Concerto_No._2_(Glass)>	483
<http://yago-knowledge.org/resource/Piano_Concerto_No._2_(MacDowell)>	484
<http://yago-knowledge.org/resource/Piano_Concerto_No._3_(Lieberson)>	485
<http://yago-knowledge.org/resource/Piano_Phase>	486
<http://yago-knowledge.org/resource/Piano_Sonata_No._2_(Ives)>	487
<http://yago-knowledge.org/resource/Piano_Trio_(Bernstein)>	488
<http://yago-knowledge.org/resource/Pieces_of_Winter_Sky>	489
<http://yago-knowledge.org/resource/Pink_Triangle_(song)>	490
<http://yago-knowledge.org/resource/Pinturas_de_Tamayo>	491
<http://yago-knowledge.org/resource/Poem_to_a_Horse>	492
<http://yago-knowledge.org/resource/Points_of_Authority>	493
<http://yago-knowledge.org/resource/Polka_Dots_and_Moonbeams>	494
<http://yago-knowledge.org/resource/Pore_Jud_Is_Daid>	495
<http://yago-knowledge.org/resource/Power_and_the_Glory>	496
<http://yago-knowledge.org/resource/Prelude,_Fugue,_and_Riffs>	497
<http://yago-knowledge.org/resource/Proverb_(Reich)>	498
<http://yago-knowledge.org/resource/Psalm_90_(Ives)>	499
<http://yago-knowledge.org/resource/Quintet_for_clarinet_and_strings_(Moore)>	500
<http://yago-knowledge.org/resource/R.E.M_(song)>	501
<http://yago-knowledge.org/resource/Radical_Light>	502
<http://yago-knowledge.org/resource/Radio_Rewrite>	503
<http://yago-knowledge.org/resource/Rainbow_Connection>	504
<http://yago-knowledge.org/resource/Raise_the_Roof_(composition)>	505
<http://yago-knowledge.org/resource/Reed_Phase>	506
<http://yago-knowledge.org/resource/Reflection_(song)>	507
<http://yago-knowledge.org/resource/Reindeer(s)_Are_Better_Than_People>	508
<http://yago-knowledge.org/resource/Requiem_of_Reconciliation>	509
<http://yago-knowledge.org/resource/Rescue_Me_(Madonna_song)>	510
<http://yago-knowledge.org/resource/Resounding_Earth>	511
<http://yago-knowledge.org/resource/Revolver_(song)>	512
<http://yago-knowledge.org/resource/Rhapsodies_for_Orchestra>	513
<http://yago-knowledge.org/resource/Riders_on_the_Storm>	514
<http://yago-knowledge.org/resource/Road_Movies_(Adams)>	515
<http://yago-knowledge.org/resource/Roaratorio>	516
<http://yago-knowledge.org/resource/Rock_&_Roll_(The_Velvet_Underground_song)>	517
<http://yago-knowledge.org/resource/Rose_Marie_(song)>	518
<http://yago-knowledge.org/resource/Route_66_(composition)>	519
<http://yago-knowledge.org/resource/Run_Run_Run_(The_Velvet_Underground_song)>	520
<http://yago-knowledge.org/resource/Rusty_Air_in_Carolina>	521
<http://yago-knowledge.org/resource/Scarlet_Ribbons_(For_Her_Hair)>	522
<http://yago-knowledge.org/resource/Scheherazade.2>	523
<http://yago-knowledge.org/resource/Secret_Love_(Doris_Day_song)>	524
<http://yago-knowledge.org/resource/Serenade_after_Plato's_%22Symposium%22>	525
<http://yago-knowledge.org/resource/Serenata_for_Orchestra_(Piston)>	526
<http://yago-knowledge.org/resource/Seven_Little_Girls_Sitting_in_the_Backseat>	527
<http://yago-knowledge.org/resource/Sextet_(Reich)>	528
<http://yago-knowledge.org/resource/Shall_We_Dance%3F_(1951_song)>	529
<http://yago-knowledge.org/resource/She_Bop>	530
<http://yago-knowledge.org/resource/Short_Ride_in_a_Fast_Machine>	531
<http://yago-knowledge.org/resource/Signs_(Snoop_Dogg_song)>	532
<http://yago-knowledge.org/resource/Silent_Spring_(composition)>	533
<http://yago-knowledge.org/resource/Sincerely_(song)>	534
<http://yago-knowledge.org/resource/Sing_for_Your_Supper>	535
<http://yago-knowledge.org/resource/Sister_Ray>	536
<http://yago-knowledge.org/resource/Six_Pianos>	537
<http://yago-knowledge.org/resource/Sixteen_Going_on_Seventeen>	538
<http://yago-knowledge.org/resource/Slava!_A_Political_Overture>	539
<http://yago-knowledge.org/resource/Sleigh_Ride>	540
<http://yago-knowledge.org/resource/So_Far_(song)>	541
<http://yago-knowledge.org/resource/So_Long,_Marianne>	542
<http://yago-knowledge.org/resource/So_Near_and_yet_So_Far>	543
<http://yago-knowledge.org/resource/So_Pretty_(Leonard_Bernstein_song)>	544
<http://yago-knowledge.org/resource/So_in_Love>	545
<http://yago-knowledge.org/resource/Soliloquy_(song)>	546
<http://yago-knowledge.org/resource/Some_Enchanted_Evening>	547
<http://yago-knowledge.org/resource/Some_Lonesome_Night>	548
<http://yago-knowledge.org/resource/Something's_Coming_(song)>	549
<http://yago-knowledge.org/resource/Something_Good_(Richard_Rodgers_song)>	550
<http://yago-knowledge.org/resource/Something_Wonderful_(song)>	551
<http://yago-knowledge.org/resource/Somewhere_(song)>	552
<http://yago-knowledge.org/resource/Sonata_for_Clarinet_(Cage)>	553
<http://yago-knowledge.org/resource/Sonata_for_Clarinet_and_Piano_(Bernstein)>	554
<http://yago-knowledge.org/resource/Sonata_for_Solo_Cello_(Crumb)>	555
<http://yago-knowledge.org/resource/Sonatas_and_Interludes>	556
<http://yago-knowledge.org/resource/Sonatina_for_Violin_and_Harpsichord_(Piston)>	557
<http://yago-knowledge.org/resource/Song_Books_(Cage)>	558
<http://yago-knowledge.org/resource/Songs_My_Mother_Taught_Me_(Charles_Ives_song)>	559
<http://yago-knowledge.org/resource/Soon_It's_Gonna_Rain>	560
<http://yago-knowledge.org/resource/Soundings_(Carter)>	561
<http://yago-knowledge.org/resource/Spanish_Caravan>	562
<http://yago-knowledge.org/resource/Spark_the_Fire>	563
<http://yago-knowledge.org/resource/Spotlight_(Madonna_song)>	564
<http://yago-knowledge.org/resource/Spring_Is_Here>	565
<http://yago-knowledge.org/resource/Stephanie_Says>	566
<http://yago-knowledge.org/resource/Still_Movement_with_Hymn>	567
<http://yago-knowledge.org/resource/Strange_Brew_(song)>	568
<http://yago-knowledge.org/resource/Strange_Fruit>	569
<http://yago-knowledge.org/resource/String_Quartet_No._1_(Carter)>	570
<http://yago-knowledge.org/resource/String_Quartet_No._1_(Ives)>	571
<http://yago-knowledge.org/resource/String_Quartet_No._1_(Piston)>	572
<http://yago-knowledge.org/resource/String_Quartet_No._2_(Babbitt)>	573
<http://yago-knowledge.org/resource/String_Quartet_No._2_(Carter)>	574
<http://yago-knowledge.org/resource/String_Quartet_No._2_(Glass)>	575
<http://yago-knowledge.org/resource/String_Quartet_No._2_(Kernis)>	576
<http://yago-knowledge.org/resource/String_Quartet_No._2_(Piston)>	577
<http://yago-knowledge.org/resource/String_Quartet_No._3_(Babbitt)>	578
<http://yago-knowledge.org/resource/String_Quartet_No._3_(Carter)>	579
<http://yago-knowledge.org/resource/String_Quartet_No._3_(Piston)>	580
<http://yago-knowledge.org/resource/String_Quartet_No._4_(Babbitt)>	581
<http://yago-knowledge.org/resource/String_Quartet_No._4_(Carter)>	582
<http://yago-knowledge.org/resource/String_Quartet_No._4_(Piston)>	583
<http://yago-knowledge.org/resource/String_Quartet_No._5_(Babbitt)>	584
<http://yago-knowledge.org/resource/String_Quartet_No._5_(Carter)>	585
<http://yago-knowledge.org/resource/String_Quartet_No._5_(Piston)>	586
<http://yago-knowledge.org/resource/String_Quartet_No._6_(Babbitt)>	587
<http://yago-knowledge.org/resource/String_Quartet_in_Four_Parts>	588
<http://yago-knowledge.org/resource/Sunday,_Monday,_or_Always>	589
<http://yago-knowledge.org/resource/Sunday_Morning_(The_Velvet_Underground_song)>	590
<http://yago-knowledge.org/resource/Sunrise,_Sunset>	591
<http://yago-knowledge.org/resource/Sunset_Strip_(composition)>	592
<http://yago-knowledge.org/resource/Superstar_(Madonna_song)>	593
<http://yago-knowledge.org/resource/Suzanne_(Leonard_Cohen_song)>	594
<http://yago-knowledge.org/resource/Sweet_Jane>	595
<http://yago-knowledge.org/resource/Swinging_on_a_Star>	596
<http://yago-knowledge.org/resource/Symphonia:_sum_fluxae_pretium_spei>	597
<http://yago-knowledge.org/resource/Symphony_(Stucky)>	598
<http://yago-knowledge.org/resource/Symphony_No._10_(Glass)>	599
<http://yago-knowledge.org/resource/Symphony_No._10_(Schuman)>	600
<http://yago-knowledge.org/resource/Symphony_No._11_(Glass)>	601
<http://yago-knowledge.org/resource/Symphony_No._12_(Glass)>	602
<http://yago-knowledge.org/resource/Symphony_No._1_(Albert)>	603
<http://yago-knowledge.org/resource/Symphony_No._1_(Bernstein)>	604
<http://yago-knowledge.org/resource/Symphony_No._1_(Carter)>	605
<http://yago-knowledge.org/resource/Symphony_No._1_(Corigliano)>	606
<http://yago-knowledge.org/resource/Symphony_No._1_(Glass)>	607
<http://yago-knowledge.org/resource/Symphony_No._1_(Harbison)>	608
<http://yago-knowledge.org/resource/Symphony_No._1_(Herrmann)>	609
<http://yago-knowledge.org/resource/Symphony_No._1_(Ives)>	610
<http://yago-knowledge.org/resource/Symphony_No._1_(Piston)>	611
<http://yago-knowledge.org/resource/Symphony_No._1_(Rouse)>	612
<http://yago-knowledge.org/resource/Symphony_No._2_(Albert)>	613
<http://yago-knowledge.org/resource/Symphony_No._2_(Bernstein)>	614
<http://yago-knowledge.org/resource/Symphony_No._2_(Corigliano)>	615
<http://yago-knowledge.org/resource/Symphony_No._2_(Glass)>	616
<http://yago-knowledge.org/resource/Symphony_No._2_(Hanson)>	617
<http://yago-knowledge.org/resource/Symphony_No._2_(Ives)>	618
<http://yago-knowledge.org/resource/Symphony_No._2_(Piston)>	619
<http://yago-knowledge.org/resource/Symphony_No._3_(Bernstein)>	620
<http://yago-knowledge.org/resource/Symphony_No._3_(Corigliano)>	621
<http://yago-knowledge.org/resource/Symphony_No._3_(Glass)>	622
<http://yago-knowledge.org/resource/Symphony_No._3_(Hanson)>	623
<http://yago-knowledge.org/resource/Symphony_No._3_(Ives)>	624
<http://yago-knowledge.org/resource/Symphony_No._3_(Piston)>	625
<http://yago-knowledge.org/resource/Symphony_No._3_(Schuman)>	626
<http://yago-knowledge.org/resource/Symphony_No._4_(Glass)>	627
<http://yago-knowledge.org/resource/Symphony_No._4_(Hanson)>	628
<http://yago-knowledge.org/resource/Symphony_No._4_(Ives)>	629
<http://yago-knowledge.org/resource/Symphony_No._4_(Piston)>	630
<http://yago-knowledge.org/resource/Symphony_No._4_(Schuman)>	631
<http://yago-knowledge.org/resource/Symphony_No._5_(Glass)>	632
<http://yago-knowledge.org/resource/Symphony_No._5_(Piston)>	633
<http://yago-knowledge.org/resource/Symphony_No._5_(Sessions)>	634
<http://yago-knowledge.org/resource/Symphony_No._6_(Glass)>	635
<http://yago-knowledge.org/resource/Symphony_No._6_(Hanson)>	636
<http://yago-knowledge.org/resource/Symphony_No._6_(Piston)>	637
<http://yago-knowledge.org/resource/Symphony_No._6_(Schuman)>	638
<http://yago-knowledge.org/resource/Symphony_No._7_(Glass)>	639
<http://yago-knowledge.org/resource/Symphony_No._7_(Hanson)>	640
<http://yago-knowledge.org/resource/Symphony_No._7_(Piston)>	641
<http://yago-knowledge.org/resource/Symphony_No._7_(Sessions)>	642
<http://yago-knowledge.org/resource/Symphony_No._8_(Glass)>	643
<http://yago-knowledge.org/resource/Symphony_No._8_(Piston)>	644
<http://yago-knowledge.org/resource/Symphony_No._9_(Glass)>	645
<http://yago-knowledge.org/resource/Taking_a_Chance_on_Love>	646
<http://yago-knowledge.org/resource/Tales_of_Hemingway>	647
<http://yago-knowledge.org/resource/Tehillim_(Reich)>	648
<http://yago-knowledge.org/resource/Ten_Cents_a_Dance>	649
<http://yago-knowledge.org/resource/Thank_You_(Dido_song)>	650
<http://yago-knowledge.org/resource/That's_Entertainment!_(song)>	651
<http://yago-knowledge.org/resource/That's_What_Friends_Are_For>	652
<http://yago-knowledge.org/resource/That's_for_Me>	653
<http://yago-knowledge.org/resource/The_B-Sides_(composition)>	654
<http://yago-knowledge.org/resource/The_Banshee_(composition)>	655
<http://yago-knowledge.org/resource/The_Bear_and_the_Maiden_Fair_(song)>	656
<http://yago-knowledge.org/resource/The_Black_Angel's_Death_Song>	657
<http://yago-knowledge.org/resource/The_Chairman_Dances>	658
<http://yago-knowledge.org/resource/The_Crystal_Ship>	659
<http://yago-knowledge.org/resource/The_Deadwood_Stage_(Whip-Crack-Away!)>	660
<http://yago-knowledge.org/resource/The_Desert_Music>	661
<http://yago-knowledge.org/resource/The_Dharma_at_Big_Sur>	662
<http://yago-knowledge.org/resource/The_End_(The_Doors_song)>	663
<http://yago-knowledge.org/resource/The_Farmer_and_the_Cowman>	664
<http://yago-knowledge.org/resource/The_Four_Sections>	665
<http://yago-knowledge.org/resource/The_Gift_(The_Velvet_Underground_song)>	666
<http://yago-knowledge.org/resource/The_Gospel_Truth_(song)>	667
<http://yago-knowledge.org/resource/The_Greater_Good,_or_the_Passion_of_Boule_de_Suif>	668
<http://yago-knowledge.org/resource/The_Green_Leaves_of_Summer>	669
<http://yago-knowledge.org/resource/The_Lady_Is_a_Tramp>	670
<http://yago-knowledge.org/resource/The_Light_(Glass)>	671
<http://yago-knowledge.org/resource/The_Little_Match_Girl_Passion>	672
<http://yago-knowledge.org/resource/The_Loco-Motion>	673
<http://yago-knowledge.org/resource/The_Lonely_Goatherd>	674
<http://yago-knowledge.org/resource/The_Mannheim_Rocket>	675
<http://yago-knowledge.org/resource/The_Matrix:_Original_Motion_Picture_Score>	676
<http://yago-knowledge.org/resource/The_Matrix_Reloaded_(score)>	677
<http://yago-knowledge.org/resource/The_Matrix_Revolutions_(score)>	678
<http://yago-knowledge.org/resource/The_Mission_(theme_music)>	679
<http://yago-knowledge.org/resource/The_Most_Beautiful_Girl_in_the_World_(1935_song)>	680
<http://yago-knowledge.org/resource/The_Murder>	681
<http://yago-knowledge.org/resource/The_Rain_in_Spain>	682
<http://yago-knowledge.org/resource/The_Rains_of_Castamere_(song)>	683
<http://yago-knowledge.org/resource/The_Rise_of_Exotic_Computing>	684
<http://yago-knowledge.org/resource/The_Second_Time_Around>	685
<http://yago-knowledge.org/resource/The_Secret_of_Christmas>	686
<http://yago-knowledge.org/resource/The_September_of_My_Years>	687
<http://yago-knowledge.org/resource/The_Shadow_of_Your_Smile>	688
<http://yago-knowledge.org/resource/The_Songs_I_Love_(song)>	689
<http://yago-knowledge.org/resource/The_Sound_of_Music_(song)>	690
<http://yago-knowledge.org/resource/The_Stars_and_the_Roses>	691
<http://yago-knowledge.org/resource/The_Surrey_with_the_Fringe_on_Top>	692
<http://yago-knowledge.org/resource/The_Sweetest_Sounds_(song)>	693
<http://yago-knowledge.org/resource/The_Syncopated_Clock>	694
<http://yago-knowledge.org/resource/The_Typewriter>	695
<http://yago-knowledge.org/resource/The_U.S._Air_Force_(song)>	696
<http://yago-knowledge.org/resource/The_Unanswered_Question>	697
<http://yago-knowledge.org/resource/The_Way_We_Were_(song)>	698
<http://yago-knowledge.org/resource/The_Well-Tuned_Piano>	699
<http://yago-knowledge.org/resource/The_Windmills_of_Your_Mind>	700
<http://yago-knowledge.org/resource/The_Wonderful_Widow_of_Eighteen_Springs>	701
<http://yago-knowledge.org/resource/The_Wound-Dresser>	702
<http://yago-knowledge.org/resource/Theme_from_Star_Trek>	703
<http://yago-knowledge.org/resource/There's_a_Small_Hotel>	704
<http://yago-knowledge.org/resource/There_Is_Nothing_Like_a_Dame>	705
<http://yago-knowledge.org/resource/There_She_Goes_Again>	706
<http://yago-knowledge.org/resource/There_but_for_Fortune_(song)>	707
<http://yago-knowledge.org/resource/This_Can't_Be_Love_(song)>	708
<http://yago-knowledge.org/resource/This_Must_Be_the_Place_(Naive_Melody)>	709
<http://yago-knowledge.org/resource/Thou_Swell>	710
<http://yago-knowledge.org/resource/Three_Illusions_for_Orchestra>	711
<http://yago-knowledge.org/resource/Three_Occasions_for_Orchestra>	712
<http://yago-knowledge.org/resource/Three_Places_in_New_England>	713
<http://yago-knowledge.org/resource/Through_the_Eyes_of_Love>	714
<http://yago-knowledge.org/resource/Time_After_Time_(Cyndi_Lauper_song)>	715
<http://yago-knowledge.org/resource/Time_Machine_(composition)>	716
<http://yago-knowledge.org/resource/Tirol_Concerto_for_Piano_and_Orchestra>	717
<http://yago-knowledge.org/resource/To_Keep_My_Love_Alive>	718
<http://yago-knowledge.org/resource/To_a_Wild_Rose_(MacDowell)>	719
<http://yago-knowledge.org/resource/Tom,_Dick_or_Harry_(song)>	720
<http://yago-knowledge.org/resource/Tonight_(West_Side_Story_song)>	721
<http://yago-knowledge.org/resource/Tonight_Quintet>	722
<http://yago-knowledge.org/resource/Too_Darn_Hot>	723
<http://yago-knowledge.org/resource/Toss_a_Coin_to_Your_Witcher>	724
<http://yago-knowledge.org/resource/Triple_Quartet>	725
<http://yago-knowledge.org/resource/Tromba_Lontana>	726
<http://yago-knowledge.org/resource/True_Love_(Cole_Porter_song)>	727
<http://yago-knowledge.org/resource/Try_to_Remember>	728
<http://yago-knowledge.org/resource/Tunnel_of_Love_(Dire_Straits_song)>	729
<http://yago-knowledge.org/resource/Two_Controversies_and_a_Conversation>	730
<http://yago-knowledge.org/resource/Tú_(song)>	731
<http://yago-knowledge.org/resource/UFO_(Daugherty)>	732
<http://yago-knowledge.org/resource/Un_Poco_de_Amor>	733
<http://yago-knowledge.org/resource/Under_the_Bridge>	734
<http://yago-knowledge.org/resource/Universe_Symphony_(Ives)>	735
<http://yago-knowledge.org/resource/Variations_(Cage)>	736
<http://yago-knowledge.org/resource/Variations_VII>	737
<http://yago-knowledge.org/resource/Variations_for_Orchestra_(Bassett)>	738
<http://yago-knowledge.org/resource/Variations_for_Orchestra_(Carter)>	739
<http://yago-knowledge.org/resource/Variations_for_Winds,_Strings_and_Keyboards>	740
<http://yago-knowledge.org/resource/Variations_on_%22America%22>	741
<http://yago-knowledge.org/resource/Venus_in_Furs_(song)>	742
<http://yago-knowledge.org/resource/Vermont_Counterpoint>	743
<http://yago-knowledge.org/resource/Vicious_(song)>	744
<http://yago-knowledge.org/resource/Viola_Concerto_(Harbison)>	745
<http://yago-knowledge.org/resource/Viola_Concerto_(Lieberson)>	746
<http://yago-knowledge.org/resource/Viola_Concerto_(Muhly)>	747
<http://yago-knowledge.org/resource/Viola_Concerto_(Piston)>	748
<http://yago-knowledge.org/resource/Violin_Concerto_(Adams)>	749
<http://yago-knowledge.org/resource/Violin_Concerto_(Bates)>	750
<http://yago-knowledge.org/resource/Violin_Concerto_(Carter)>	751
<http://yago-knowledge.org/resource/Violin_Concerto_(Glass)>	752
<http://yago-knowledge.org/resource/Violin_Concerto_(Sessions)>	753
<http://yago-knowledge.org/resource/Violin_Concerto_No._1_(Glass)>	754
<http://yago-knowledge.org/resource/Violin_Concerto_No._1_(Piston)>	755
<http://yago-knowledge.org/resource/Violin_Concerto_No._2_(Glass)>	756
<http://yago-knowledge.org/resource/Violin_Concerto_No._2_(Piston)>	757
<http://yago-knowledge.org/resource/Violin_Phase>	758
<http://yago-knowledge.org/resource/Vocalise_(Corigliano)>	759
<http://yago-knowledge.org/resource/Vogue_(Madonna_song)>	760
<http://yago-knowledge.org/resource/Vox_Balaenae>	761
<http://yago-knowledge.org/resource/WTC_9%2F11>	762
<http://yago-knowledge.org/resource/Wait_till_You_See_Her>	763
<http://yago-knowledge.org/resource/Waiting_for_the_Barbarians_(opera)>	764
<http://yago-knowledge.org/resource/Walk_on_the_Wild_Side_(Lou_Reed_song)>	765
<http://yago-knowledge.org/resource/We_Kiss_in_a_Shadow>	766
<http://yago-knowledge.org/resource/Well,_Did_You_Evah!>	767
<http://yago-knowledge.org/resource/What's_New%3F>	768
<http://yago-knowledge.org/resource/What_Are_You_Doing_the_Rest_of_Your_Life%3F>	769
<http://yago-knowledge.org/resource/What_Goes_On_(Velvet_Underground_song)>	770
<http://yago-knowledge.org/resource/What_Is_This_Thing_Called_Love%3F>	771
<http://yago-knowledge.org/resource/What_a_Diff'rence_a_Day_Made>	772
<http://yago-knowledge.org/resource/When_I_Fall_in_Love>	773
<http://yago-knowledge.org/resource/When_We're_Human>	774
<http://yago-knowledge.org/resource/When_the_Music's_Over>	775
<http://yago-knowledge.org/resource/Where_Are_You%3F_(1937_song)>	776
<http://yago-knowledge.org/resource/Where_Have_All_the_Flowers_Gone%3F>	777
<http://yago-knowledge.org/resource/Who_Wants_to_Be_a_Millionaire%3F_(song)>	778
<http://yago-knowledge.org/resource/Why_Can't_You_Behave%3F>	779
<http://yago-knowledge.org/resource/Why_Was_I_Born%3F>	780
<http://yago-knowledge.org/resource/Will_You_Love_Me_Tomorrow>	781
<http://yago-knowledge.org/resource/Williams_Mix>	782
<http://yago-knowledge.org/resource/Wind_It_Up_(Gwen_Stefani_song)>	783
<http://yago-knowledge.org/resource/With_a_Little_Bit_of_Luck>	784
<http://yago-knowledge.org/resource/With_a_Song_in_My_Heart_(song)>	785
<http://yago-knowledge.org/resource/Word_Crimes>	786
<http://yago-knowledge.org/resource/Wouldn't_It_Be_Loverly>	787
<http://yago-knowledge.org/resource/Wretches_and_Kings>	788
<http://yago-knowledge.org/resource/You'd_Be_So_Easy_to_Love>	789
<http://yago-knowledge.org/resource/You'd_Be_So_Nice_to_Come_Home_To>	790
<http://yago-knowledge.org/resource/You'll_Never_Walk_Alone>	791
<http://yago-knowledge.org/resource/You're_Nearer>	792
<http://yago-knowledge.org/resource/You're_Sensational>	793
<http://yago-knowledge.org/resource/You're_in_the_Army_Now_(song)>	794
<http://yago-knowledge.org/resource/You're_the_Top>	795
<http://yago-knowledge.org/resource/You've_Got_to_Be_Carefully_Taught>	796
<http://yago-knowledge.org/resource/You_Do_Something_to_Me>	797
<http://yago-knowledge.org/resource/You_Don't_Bring_Me_Flowers>	798
<http://yago-knowledge.org/resource/You_Don't_Know_My_Name>	799
<http://yago-knowledge.org/resource/You_Took_Advantage_of_Me>	800
<http://yago-knowledge.org/resource/You_Want_It_Darker_(song)>	801
<http://yago-knowledge.org/resource/Younger_Than_Springtime>	802
<http://yago-knowledge.org/resource/Zip-a-Dee-Doo-Dah>	803
<http://yago-knowledge.org/resource/Zombie_Bastards>	804
