<http://yago-knowledge.org/resource/Afghanistan>	0
<http://yago-knowledge.org/resource/Albania>	1
<http://yago-knowledge.org/resource/Algeria>	2
<http://yago-knowledge.org/resource/Andorra>	3
<http://yago-knowledge.org/resource/Angola>	4
<http://yago-knowledge.org/resource/Antigua_and_Barbuda>	5
<http://yago-knowledge.org/resource/Argentina>	6
<http://yago-knowledge.org/resource/Armenia>	7
<http://yago-knowledge.org/resource/Australia>	8
<http://yago-knowledge.org/resource/Austria-Hungary>	9
<http://yago-knowledge.org/resource/Austria>	10
<http://yago-knowledge.org/resource/Azerbaijan>	11
<http://yago-knowledge.org/resource/Bahrain>	12
<http://yago-knowledge.org/resource/Bangladesh>	13
<http://yago-knowledge.org/resource/Barbados>	14
<http://yago-knowledge.org/resource/Belarus>	15
<http://yago-knowledge.org/resource/Belgium>	16
<http://yago-knowledge.org/resource/Benin>	17
<http://yago-knowledge.org/resource/Bolivia>	18
<http://yago-knowledge.org/resource/Bosnia_and_Herzegovina>	19
<http://yago-knowledge.org/resource/Brazil>	20
<http://yago-knowledge.org/resource/British_North_America>	21
<http://yago-knowledge.org/resource/British_Raj>	22
<http://yago-knowledge.org/resource/Bulgaria>	23
<http://yago-knowledge.org/resource/Cambodia>	24
<http://yago-knowledge.org/resource/Cameroon>	25
<http://yago-knowledge.org/resource/Canada>	26
<http://yago-knowledge.org/resource/Chile>	27
<http://yago-knowledge.org/resource/China>	28
<http://yago-knowledge.org/resource/Colombia>	29
<http://yago-knowledge.org/resource/Confederate_States_of_America>	30
<http://yago-knowledge.org/resource/Costa_Rica>	31
<http://yago-knowledge.org/resource/Croatia>	32
<http://yago-knowledge.org/resource/Cuba>	33
<http://yago-knowledge.org/resource/Cyprus>	34
<http://yago-knowledge.org/resource/Czech_Republic>	35
<http://yago-knowledge.org/resource/Czechoslovakia>	36
<http://yago-knowledge.org/resource/Democratic_Federal_Yugoslavia>	37
<http://yago-knowledge.org/resource/Denmark>	38
<http://yago-knowledge.org/resource/Dominican_Republic>	39
<http://yago-knowledge.org/resource/East_Germany>	40
<http://yago-knowledge.org/resource/East_Timor>	41
<http://yago-knowledge.org/resource/Ecuador>	42
<http://yago-knowledge.org/resource/Egypt>	43
<http://yago-knowledge.org/resource/El_Salvador>	44
<http://yago-knowledge.org/resource/Empire_of_China_(1915–1916)>	45
<http://yago-knowledge.org/resource/Empire_of_Japan>	46
<http://yago-knowledge.org/resource/Estado_Novo_(Portugal)>	47
<http://yago-knowledge.org/resource/Estonia>	48
<http://yago-knowledge.org/resource/Eswatini>	49
<http://yago-knowledge.org/resource/Ethiopia>	50
<http://yago-knowledge.org/resource/Federal_People's_Republic_of_Yugoslavia>	51
<http://yago-knowledge.org/resource/Federal_Republic_of_Yugoslavia>	52
<http://yago-knowledge.org/resource/Federation_of_Rhodesia_and_Nyasaland>	53
<http://yago-knowledge.org/resource/Finland>	54
<http://yago-knowledge.org/resource/France>	55
<http://yago-knowledge.org/resource/Free_State_of_Fiume>	56
<http://yago-knowledge.org/resource/French_Indochina>	57
<http://yago-knowledge.org/resource/Georgia_(country)>	58
<http://yago-knowledge.org/resource/German_Empire>	59
<http://yago-knowledge.org/resource/German_Reich>	60
<http://yago-knowledge.org/resource/Germany>	61
<http://yago-knowledge.org/resource/Ghana>	62
<http://yago-knowledge.org/resource/Greece>	63
<http://yago-knowledge.org/resource/Grenada>	64
<http://yago-knowledge.org/resource/Guatemala>	65
<http://yago-knowledge.org/resource/Guyana>	66
<http://yago-knowledge.org/resource/Haiti>	67
<http://yago-knowledge.org/resource/Honduras>	68
<http://yago-knowledge.org/resource/Hungary>	69
<http://yago-knowledge.org/resource/Iceland>	70
<http://yago-knowledge.org/resource/Independent_State_of_Croatia>	71
<http://yago-knowledge.org/resource/India>	72
<http://yago-knowledge.org/resource/Indonesia>	73
<http://yago-knowledge.org/resource/Iran>	74
<http://yago-knowledge.org/resource/Iraq>	75
<http://yago-knowledge.org/resource/Israel>	76
<http://yago-knowledge.org/resource/Italian_Regency_of_Carnaro>	77
<http://yago-knowledge.org/resource/Italy>	78
<http://yago-knowledge.org/resource/Jamaica>	79
<http://yago-knowledge.org/resource/Japan>	80
<http://yago-knowledge.org/resource/Jordan>	81
<http://yago-knowledge.org/resource/Joseon>	82
<http://yago-knowledge.org/resource/Kenya>	83
<http://yago-knowledge.org/resource/Kingdom_of_Great_Britain>	84
<http://yago-knowledge.org/resource/Kingdom_of_Greece>	85
<http://yago-knowledge.org/resource/Kingdom_of_Hungary>	86
<http://yago-knowledge.org/resource/Kingdom_of_Italy>	87
<http://yago-knowledge.org/resource/Kingdom_of_Yugoslavia>	88
<http://yago-knowledge.org/resource/Kingdom_of_the_Netherlands>	89
<http://yago-knowledge.org/resource/Kiribati>	90
<http://yago-knowledge.org/resource/Korea>	91
<http://yago-knowledge.org/resource/Korean_Empire>	92
<http://yago-knowledge.org/resource/Latvia>	93
<http://yago-knowledge.org/resource/Lebanon>	94
<http://yago-knowledge.org/resource/Liberia>	95
<http://yago-knowledge.org/resource/Libya>	96
<http://yago-knowledge.org/resource/Lithuania>	97
<http://yago-knowledge.org/resource/Malawi>	98
<http://yago-knowledge.org/resource/Malaysia>	99
<http://yago-knowledge.org/resource/Mali>	100
<http://yago-knowledge.org/resource/Mexico>	101
<http://yago-knowledge.org/resource/Monaco>	102
<http://yago-knowledge.org/resource/Montenegro>	103
<http://yago-knowledge.org/resource/Morocco>	104
<http://yago-knowledge.org/resource/Mozambique>	105
<http://yago-knowledge.org/resource/Myanmar>	106
<http://yago-knowledge.org/resource/Namibia>	107
<http://yago-knowledge.org/resource/Nazi_Germany>	108
<http://yago-knowledge.org/resource/Nepal>	109
<http://yago-knowledge.org/resource/New_Zealand>	110
<http://yago-knowledge.org/resource/Nicaragua>	111
<http://yago-knowledge.org/resource/Nigeria>	112
<http://yago-knowledge.org/resource/North_Macedonia>	113
<http://yago-knowledge.org/resource/Norway>	114
<http://yago-knowledge.org/resource/Oman>	115
<http://yago-knowledge.org/resource/Pahlavi_dynasty>	116
<http://yago-knowledge.org/resource/Pakistan>	117
<http://yago-knowledge.org/resource/Panama>	118
<http://yago-knowledge.org/resource/Peru>	119
<http://yago-knowledge.org/resource/Philippines>	120
<http://yago-knowledge.org/resource/Poland>	121
<http://yago-knowledge.org/resource/Polish_People's_Republic>	122
<http://yago-knowledge.org/resource/Portugal>	123
<http://yago-knowledge.org/resource/Protectorate_of_Bohemia_and_Moravia>	124
<http://yago-knowledge.org/resource/Prussia>	125
<http://yago-knowledge.org/resource/Qajar_Iran>	126
<http://yago-knowledge.org/resource/Qatar>	127
<http://yago-knowledge.org/resource/Qing_dynasty>	128
<http://yago-knowledge.org/resource/Republic_of_China_(1912–1949)>	129
<http://yago-knowledge.org/resource/Republic_of_Ireland>	130
<http://yago-knowledge.org/resource/Republic_of_Texas>	131
<http://yago-knowledge.org/resource/Republic_of_the_Congo>	132
<http://yago-knowledge.org/resource/Rhodesia>	133
<http://yago-knowledge.org/resource/Romania>	134
<http://yago-knowledge.org/resource/Russia>	135
<http://yago-knowledge.org/resource/Russian_Empire>	136
<http://yago-knowledge.org/resource/Russian_Soviet_Federative_Socialist_Republic>	137
<http://yago-knowledge.org/resource/Rwanda>	138
<http://yago-knowledge.org/resource/Saint_Vincent_and_the_Grenadines>	139
<http://yago-knowledge.org/resource/Saudi_Arabia>	140
<http://yago-knowledge.org/resource/Second_Polish_Republic>	141
<http://yago-knowledge.org/resource/Senegal>	142
<http://yago-knowledge.org/resource/Serbia>	143
<http://yago-knowledge.org/resource/Sierra_Leone>	144
<http://yago-knowledge.org/resource/Singapore>	145
<http://yago-knowledge.org/resource/Slovakia>	146
<http://yago-knowledge.org/resource/Slovenia>	147
<http://yago-knowledge.org/resource/Socialist_Federal_Republic_of_Yugoslavia>	148
<http://yago-knowledge.org/resource/Somalia>	149
<http://yago-knowledge.org/resource/South_Africa>	150
<http://yago-knowledge.org/resource/South_Korea>	151
<http://yago-knowledge.org/resource/Soviet_Union>	152
<http://yago-knowledge.org/resource/Spain>	153
<http://yago-knowledge.org/resource/Sri_Lanka>	154
<http://yago-knowledge.org/resource/State_of_Palestine>	155
<http://yago-knowledge.org/resource/Sudan>	156
<http://yago-knowledge.org/resource/Sweden>	157
<http://yago-knowledge.org/resource/Switzerland>	158
<http://yago-knowledge.org/resource/Syria>	159
<http://yago-knowledge.org/resource/Taiwan>	160
<http://yago-knowledge.org/resource/Tanzania>	161
<http://yago-knowledge.org/resource/Thailand>	162
<http://yago-knowledge.org/resource/The_Bahamas>	163
<http://yago-knowledge.org/resource/Trinidad_and_Tobago>	164
<http://yago-knowledge.org/resource/Tunisia>	165
<http://yago-knowledge.org/resource/Turkey>	166
<http://yago-knowledge.org/resource/Uganda>	167
<http://yago-knowledge.org/resource/Ukraine>	168
<http://yago-knowledge.org/resource/United_Arab_Emirates>	169
<http://yago-knowledge.org/resource/United_Kingdom>	170
<http://yago-knowledge.org/resource/United_Kingdom_of_Great_Britain_and_Ireland>	171
<http://yago-knowledge.org/resource/United_States>	172
<http://yago-knowledge.org/resource/Uruguay>	173
<http://yago-knowledge.org/resource/Uzbekistan>	174
<http://yago-knowledge.org/resource/Venezuela>	175
<http://yago-knowledge.org/resource/Vietnam>	176
<http://yago-knowledge.org/resource/Wales>	177
<http://yago-knowledge.org/resource/Weimar_Republic>	178
<http://yago-knowledge.org/resource/West_Germany>	179
<http://yago-knowledge.org/resource/Yugoslavia>	180
<http://yago-knowledge.org/resource/Zimbabwe>	181
