<http://yago-knowledge.org/resource/Accountant>	0
<http://yago-knowledge.org/resource/Actor>	1
<http://yago-knowledge.org/resource/Actuary>	2
<http://yago-knowledge.org/resource/Administrator_of_the_government>	3
<http://yago-knowledge.org/resource/Adviser>	4
<http://yago-knowledge.org/resource/Advocate>	5
<http://yago-knowledge.org/resource/Agriculturist>	6
<http://yago-knowledge.org/resource/Agronomist>	7
<http://yago-knowledge.org/resource/Aide-de-camp>	8
<http://yago-knowledge.org/resource/Aircraft_pilot>	9
<http://yago-knowledge.org/resource/Akhoond>	10
<http://yago-knowledge.org/resource/Anesthesiologist>	11
<http://yago-knowledge.org/resource/Animation_director>	12
<http://yago-knowledge.org/resource/Animator>	13
<http://yago-knowledge.org/resource/Announcer>	14
<http://yago-knowledge.org/resource/Anthropologist>	15
<http://yago-knowledge.org/resource/Aquanaut>	16
<http://yago-knowledge.org/resource/Arabist>	17
<http://yago-knowledge.org/resource/Archaeologist>	18
<http://yago-knowledge.org/resource/Architect>	19
<http://yago-knowledge.org/resource/Architectural_historian>	20
<http://yago-knowledge.org/resource/Architectural_photographers>	21
<http://yago-knowledge.org/resource/Archivist>	22
<http://yago-knowledge.org/resource/Aristocracy_(class)>	23
<http://yago-knowledge.org/resource/Art_critic>	24
<http://yago-knowledge.org/resource/Art_dealer>	25
<http://yago-knowledge.org/resource/Art_director>	26
<http://yago-knowledge.org/resource/Artist>	27
<http://yago-knowledge.org/resource/Artistic_director>	28
<http://yago-knowledge.org/resource/Assessor_(law)>	29
<http://yago-knowledge.org/resource/Assistant_director>	30
<http://yago-knowledge.org/resource/Assistant_professor>	31
<http://yago-knowledge.org/resource/Astronaut>	32
<http://yago-knowledge.org/resource/Astronomer>	33
<http://yago-knowledge.org/resource/Athletic_director>	34
<http://yago-knowledge.org/resource/Attorney_at_law>	35
<http://yago-knowledge.org/resource/Audio_engineer>	36
<http://yago-knowledge.org/resource/Auditor>	37
<http://yago-knowledge.org/resource/Background_artist>	38
<http://yago-knowledge.org/resource/Bacteriologist_(Professional)>	39
<http://yago-knowledge.org/resource/Ballet_dancer>	40
<http://yago-knowledge.org/resource/Ballet_master>	41
<http://yago-knowledge.org/resource/Bandleader>	42
<http://yago-knowledge.org/resource/Bank_teller>	43
<http://yago-knowledge.org/resource/Barrister>	44
<http://yago-knowledge.org/resource/Beekeeper>	45
<http://yago-knowledge.org/resource/Bhikkhu>	46
<http://yago-knowledge.org/resource/Bibliographer>	47
<http://yago-knowledge.org/resource/Biochemist>	48
<http://yago-knowledge.org/resource/Biologist>	49
<http://yago-knowledge.org/resource/Biomedical_scientist>	50
<http://yago-knowledge.org/resource/Botanical_illustrator>	51
<http://yago-knowledge.org/resource/Botanist>	52
<http://yago-knowledge.org/resource/Bullfighter>	53
<http://yago-knowledge.org/resource/Bureaucrat>	54
<http://yago-knowledge.org/resource/Business_broker>	55
<http://yago-knowledge.org/resource/Business_consultant>	56
<http://yago-knowledge.org/resource/Business_executive>	57
<http://yago-knowledge.org/resource/Business_magnate>	58
<http://yago-knowledge.org/resource/Business_manager>	59
<http://yago-knowledge.org/resource/Businessperson>	60
<http://yago-knowledge.org/resource/Camera_operator>	61
<http://yago-knowledge.org/resource/Campaign_manager>	62
<http://yago-knowledge.org/resource/Cartoonist>	63
<http://yago-knowledge.org/resource/Chancellor_(education)>	64
<http://yago-knowledge.org/resource/Character_actor>	65
<http://yago-knowledge.org/resource/Chartered_accountant>	66
<http://yago-knowledge.org/resource/Chef>	67
<http://yago-knowledge.org/resource/Chemical_engineer>	68
<http://yago-knowledge.org/resource/Chemist>	69
<http://yago-knowledge.org/resource/Chess_composer>	70
<http://yago-knowledge.org/resource/Chess_player>	71
<http://yago-knowledge.org/resource/Chief_executive_officer>	72
<http://yago-knowledge.org/resource/Chief_financial_officer>	73
<http://yago-knowledge.org/resource/Chief_operating_officer>	74
<http://yago-knowledge.org/resource/Chief_technology_officer>	75
<http://yago-knowledge.org/resource/Child_actor>	76
<http://yago-knowledge.org/resource/Chocolatier>	77
<http://yago-knowledge.org/resource/Cinematographer>	78
<http://yago-knowledge.org/resource/Civil_engineer>	79
<http://yago-knowledge.org/resource/Clerk>	80
<http://yago-knowledge.org/resource/Clinical_biologist>	81
<http://yago-knowledge.org/resource/Clown>	82
<http://yago-knowledge.org/resource/Cnidariologist>	83
<http://yago-knowledge.org/resource/Coach_(baseball)>	84
<http://yago-knowledge.org/resource/Coach_(basketball)>	85
<http://yago-knowledge.org/resource/Coach_(ice_hockey)>	86
<http://yago-knowledge.org/resource/Coach_(sport)>	87
<http://yago-knowledge.org/resource/Color_commentator>	88
<http://yago-knowledge.org/resource/Columnist>	89
<http://yago-knowledge.org/resource/Comedian>	90
<http://yago-knowledge.org/resource/Comics_artist>	91
<http://yago-knowledge.org/resource/Commercial_astronaut>	92
<http://yago-knowledge.org/resource/Commissioner_of_Baseball>	93
<http://yago-knowledge.org/resource/Community_leader>	94
<http://yago-knowledge.org/resource/Computer_scientist>	95
<http://yago-knowledge.org/resource/Concertmaster>	96
<http://yago-knowledge.org/resource/Conchologist>	97
<http://yago-knowledge.org/resource/Conductor_(music)>	98
<http://yago-knowledge.org/resource/Congressional_staff>	99
<http://yago-knowledge.org/resource/Consultant>	100
<http://yago-knowledge.org/resource/Contributing_editor>	101
<http://yago-knowledge.org/resource/Cook_(profession)>	102
<http://yago-knowledge.org/resource/Coroner>	103
<http://yago-knowledge.org/resource/Correspondent>	104
<http://yago-knowledge.org/resource/Costume_designer>	105
<http://yago-knowledge.org/resource/Cowman_(profession)>	106
<http://yago-knowledge.org/resource/Coxswain_(rowing)>	107
<http://yago-knowledge.org/resource/Creative_director>	108
<http://yago-knowledge.org/resource/Critic>	109
<http://yago-knowledge.org/resource/Curator>	110
<http://yago-knowledge.org/resource/Dancer>	111
<http://yago-knowledge.org/resource/Deacon>	112
<http://yago-knowledge.org/resource/Dean_(education)>	113
<http://yago-knowledge.org/resource/Defensive_coordinator>	114
<http://yago-knowledge.org/resource/Dental_assistant>	115
<http://yago-knowledge.org/resource/Dentist>	116
<http://yago-knowledge.org/resource/Designer>	117
<http://yago-knowledge.org/resource/Dietitian>	118
<http://yago-knowledge.org/resource/Diplomat>	119
<http://yago-knowledge.org/resource/Directeur_sportif>	120
<http://yago-knowledge.org/resource/Disc_jockey>	121
<http://yago-knowledge.org/resource/Docent>	122
<http://yago-knowledge.org/resource/Dramaturge>	123
<http://yago-knowledge.org/resource/Drummer>	124
<http://yago-knowledge.org/resource/Economist>	125
<http://yago-knowledge.org/resource/Editor-in-chief>	126
<http://yago-knowledge.org/resource/Editorial_cartoonist>	127
<http://yago-knowledge.org/resource/Electrical_engineer>	128
<http://yago-knowledge.org/resource/Environmentalist>	129
<http://yago-knowledge.org/resource/Epileptologist>	130
<http://yago-knowledge.org/resource/Erotic_photography_model>	131
<http://yago-knowledge.org/resource/Esperantologist>	132
<http://yago-knowledge.org/resource/Essayist>	133
<http://yago-knowledge.org/resource/Ethicist>	134
<http://yago-knowledge.org/resource/Executive_director>	135
<http://yago-knowledge.org/resource/Executive_producer>	136
<http://yago-knowledge.org/resource/Factory_inspector>	137
<http://yago-knowledge.org/resource/Fan_(person)>	138
<http://yago-knowledge.org/resource/Fantasy_author>	139
<http://yago-knowledge.org/resource/Farmer>	140
<http://yago-knowledge.org/resource/Fighter_pilot>	141
<http://yago-knowledge.org/resource/Film_director>	142
<http://yago-knowledge.org/resource/Film_producer>	143
<http://yago-knowledge.org/resource/Financial_adviser>	144
<http://yago-knowledge.org/resource/Financial_analyst>	145
<http://yago-knowledge.org/resource/Financier>	146
<http://yago-knowledge.org/resource/Fisherman>	147
<http://yago-knowledge.org/resource/Flautist>	148
<http://yago-knowledge.org/resource/Flight_engineer>	149
<http://yago-knowledge.org/resource/Flight_instructor>	150
<http://yago-knowledge.org/resource/Flight_surgeon>	151
<http://yago-knowledge.org/resource/Flying_ace>	152
<http://yago-knowledge.org/resource/Food_critic>	153
<http://yago-knowledge.org/resource/Football_player>	154
<http://yago-knowledge.org/resource/Foreign_Service_Officer>	155
<http://yago-knowledge.org/resource/Freelancer>	156
<http://yago-knowledge.org/resource/Funeral_director>	157
<http://yago-knowledge.org/resource/Futurist>	158
<http://yago-knowledge.org/resource/Game_designer>	159
<http://yago-knowledge.org/resource/Game_show_host>	160
<http://yago-knowledge.org/resource/General_manager>	161
<http://yago-knowledge.org/resource/General_practitioner>	162
<http://yago-knowledge.org/resource/Geneticist>	163
<http://yago-knowledge.org/resource/Geographer>	164
<http://yago-knowledge.org/resource/Geologist>	165
<http://yago-knowledge.org/resource/Goodwill_ambassador>	166
<http://yago-knowledge.org/resource/Graduate_assistant>	167
<http://yago-knowledge.org/resource/Graphic_designer>	168
<http://yago-knowledge.org/resource/Guitarist>	169
<http://yago-knowledge.org/resource/Harpsichordist>	170
<http://yago-knowledge.org/resource/Head_coach>	171
<http://yago-knowledge.org/resource/Head_teacher>	172
<http://yago-knowledge.org/resource/Hebraist>	173
<http://yago-knowledge.org/resource/Hispanist>	174
<http://yago-knowledge.org/resource/Horse_trainer>	175
<http://yago-knowledge.org/resource/Human_rights_defender>	176
<http://yago-knowledge.org/resource/Humorist>	177
<http://yago-knowledge.org/resource/Hymnwriter>	178
<http://yago-knowledge.org/resource/Illustrator>	179
<http://yago-knowledge.org/resource/Independent_scholar>	180
<http://yago-knowledge.org/resource/Information_scientist>	181
<http://yago-knowledge.org/resource/Insurance_broker>	182
<http://yago-knowledge.org/resource/Intellectual>	183
<http://yago-knowledge.org/resource/Intelligence_officer>	184
<http://yago-knowledge.org/resource/Internet_celebrity>	185
<http://yago-knowledge.org/resource/Inventor>	186
<http://yago-knowledge.org/resource/Inventor_(patent)>	187
<http://yago-knowledge.org/resource/Investor>	188
<http://yago-knowledge.org/resource/Jazz_guitarist>	189
<http://yago-knowledge.org/resource/Jewelry_designer>	190
<http://yago-knowledge.org/resource/Judge>	191
<http://yago-knowledge.org/resource/Jurist>	192
<http://yago-knowledge.org/resource/Justice_of_the_peace>	193
<http://yago-knowledge.org/resource/Keyboardist>	194
<http://yago-knowledge.org/resource/Laborer>	195
<http://yago-knowledge.org/resource/Landscape_architect>	196
<http://yago-knowledge.org/resource/Law_clerk>	197
<http://yago-knowledge.org/resource/Lawyer>	198
<http://yago-knowledge.org/resource/Lecturer>	199
<http://yago-knowledge.org/resource/Legislative_assistant>	200
<http://yago-knowledge.org/resource/Lepidopterist>	201
<http://yago-knowledge.org/resource/Librarian>	202
<http://yago-knowledge.org/resource/Librettist>	203
<http://yago-knowledge.org/resource/Lighting_designer>	204
<http://yago-knowledge.org/resource/Line_producer>	205
<http://yago-knowledge.org/resource/List_of_Esperanto_speakers>	206
<http://yago-knowledge.org/resource/Literary_agent>	207
<http://yago-knowledge.org/resource/Literary_editor>	208
<http://yago-knowledge.org/resource/Lyricist>	209
<http://yago-knowledge.org/resource/Magistrate>	210
<http://yago-knowledge.org/resource/Make-up_artist>	211
<http://yago-knowledge.org/resource/Manager_(association_football)>	212
<http://yago-knowledge.org/resource/Manager_(baseball)>	213
<http://yago-knowledge.org/resource/Marksman>	214
<http://yago-knowledge.org/resource/Master_builder>	215
<http://yago-knowledge.org/resource/Mathematician>	216
<http://yago-knowledge.org/resource/Media_proprietor>	217
<http://yago-knowledge.org/resource/Medical_examiner>	218
<http://yago-knowledge.org/resource/Merchant>	219
<http://yago-knowledge.org/resource/Meteorologist>	220
<http://yago-knowledge.org/resource/Microbiologist>	221
<http://yago-knowledge.org/resource/Midwife>	222
<http://yago-knowledge.org/resource/Militant>	223
<http://yago-knowledge.org/resource/Military_chaplain>	224
<http://yago-knowledge.org/resource/Mime_artist>	225
<http://yago-knowledge.org/resource/Miner>	226
<http://yago-knowledge.org/resource/Missionary>	227
<http://yago-knowledge.org/resource/Mole_(espionage)>	228
<http://yago-knowledge.org/resource/Monk>	229
<http://yago-knowledge.org/resource/Motivational_speaker>	230
<http://yago-knowledge.org/resource/Mufti>	231
<http://yago-knowledge.org/resource/Multi-instrumentalist>	232
<http://yago-knowledge.org/resource/Music_director>	233
<http://yago-knowledge.org/resource/Music_executive>	234
<http://yago-knowledge.org/resource/Music_video_director>	235
<http://yago-knowledge.org/resource/Navigator>	236
<http://yago-knowledge.org/resource/Neuroscientist>	237
<http://yago-knowledge.org/resource/News_presenter>	238
<http://yago-knowledge.org/resource/Novelist>	239
<http://yago-knowledge.org/resource/Numismatist>	240
<http://yago-knowledge.org/resource/Nun>	241
<http://yago-knowledge.org/resource/Nurse>	242
<http://yago-knowledge.org/resource/Nurse_educator>	243
<http://yago-knowledge.org/resource/Nutritionist>	244
<http://yago-knowledge.org/resource/Officer_(armed_forces)>	245
<http://yago-knowledge.org/resource/Official_(basketball)>	246
<http://yago-knowledge.org/resource/Opera_singer>	247
<http://yago-knowledge.org/resource/Orator>	248
<http://yago-knowledge.org/resource/Organist>	249
<http://yago-knowledge.org/resource/Organizational_founder>	250
<http://yago-knowledge.org/resource/Paratrooper>	251
<http://yago-knowledge.org/resource/Park_ranger>	252
<http://yago-knowledge.org/resource/Pastor>	253
<http://yago-knowledge.org/resource/Patent_attorney>	254
<http://yago-knowledge.org/resource/Pathologist>	255
<http://yago-knowledge.org/resource/Pediatrician>	256
<http://yago-knowledge.org/resource/Penciller>	257
<http://yago-knowledge.org/resource/Personal_assistant>	258
<http://yago-knowledge.org/resource/Pharmacist>	259
<http://yago-knowledge.org/resource/Philanthropist>	260
<http://yago-knowledge.org/resource/Philosopher>	261
<http://yago-knowledge.org/resource/Photographer>	262
<http://yago-knowledge.org/resource/Physician_writer>	263
<http://yago-knowledge.org/resource/Physicist>	264
<http://yago-knowledge.org/resource/Pianist>	265
<http://yago-knowledge.org/resource/Picture_editor>	266
<http://yago-knowledge.org/resource/Pilot_in_command>	267
<http://yago-knowledge.org/resource/Playboy_Playmate>	268
<http://yago-knowledge.org/resource/Playwright>	269
<http://yago-knowledge.org/resource/Poet>	270
<http://yago-knowledge.org/resource/Police_officer>	271
<http://yago-knowledge.org/resource/Politician>	272
<http://yago-knowledge.org/resource/Pornographic_film_actor>	273
<http://yago-knowledge.org/resource/Preacher>	274
<http://yago-knowledge.org/resource/Preschool_teacher>	275
<http://yago-knowledge.org/resource/Preservationist>	276
<http://yago-knowledge.org/resource/Press_agent>	277
<http://yago-knowledge.org/resource/Printmaker>	278
<http://yago-knowledge.org/resource/Probation_officer>	279
<http://yago-knowledge.org/resource/Production_designer>	280
<http://yago-knowledge.org/resource/Production_sound_mixer>	281
<http://yago-knowledge.org/resource/Professional_golfer>	282
<http://yago-knowledge.org/resource/Professor>	283
<http://yago-knowledge.org/resource/Program_director>	284
<http://yago-knowledge.org/resource/Promoter_(entertainment)>	285
<http://yago-knowledge.org/resource/Prophet>	286
<http://yago-knowledge.org/resource/Prosecutor>	287
<http://yago-knowledge.org/resource/Provost_(education)>	288
<http://yago-knowledge.org/resource/Psychiatrist>	289
<http://yago-knowledge.org/resource/Psycholinguist>	290
<http://yago-knowledge.org/resource/Psychologist>	291
<http://yago-knowledge.org/resource/Public_defender>	292
<http://yago-knowledge.org/resource/Public_figure>	293
<http://yago-knowledge.org/resource/Public_relations_officer>	294
<http://yago-knowledge.org/resource/Publicist>	295
<http://yago-knowledge.org/resource/Pundit>	296
<http://yago-knowledge.org/resource/Puppeteer>	297
<http://yago-knowledge.org/resource/Radio_personality>	298
<http://yago-knowledge.org/resource/Radio_producer>	299
<http://yago-knowledge.org/resource/Real_estate_broker>	300
<http://yago-knowledge.org/resource/Real_estate_entrepreneur>	301
<http://yago-knowledge.org/resource/Referee_(association_football)>	302
<http://yago-knowledge.org/resource/Regisseur>	303
<http://yago-knowledge.org/resource/Registered_nurse>	304
<http://yago-knowledge.org/resource/Rejoneador>	305
<http://yago-knowledge.org/resource/Reporter>	306
<http://yago-knowledge.org/resource/Research_fellow>	307
<http://yago-knowledge.org/resource/Researcher>	308
<http://yago-knowledge.org/resource/Restaurateur>	309
<http://yago-knowledge.org/resource/Revolutionary>	310
<http://yago-knowledge.org/resource/Ring_announcer>	311
<http://yago-knowledge.org/resource/Sailor>	312
<http://yago-knowledge.org/resource/Saxophonist>	313
<http://yago-knowledge.org/resource/Scenographer>	314
<http://yago-knowledge.org/resource/Scholar>	315
<http://yago-knowledge.org/resource/School_counselor>	316
<http://yago-knowledge.org/resource/Scout_(sport)>	317
<http://yago-knowledge.org/resource/Screenwriter>	318
<http://yago-knowledge.org/resource/Secretary>	319
<http://yago-knowledge.org/resource/Security_guard>	320
<http://yago-knowledge.org/resource/Security_hacker>	321
<http://yago-knowledge.org/resource/Senior_advisor>	322
<http://yago-knowledge.org/resource/Serial_rapist>	323
<http://yago-knowledge.org/resource/Shareholder>	324
<http://yago-knowledge.org/resource/Sheriff>	325
<http://yago-knowledge.org/resource/Ship-owner>	326
<http://yago-knowledge.org/resource/Short_story_writer>	327
<http://yago-knowledge.org/resource/Showman>	328
<http://yago-knowledge.org/resource/Showrunner>	329
<http://yago-knowledge.org/resource/Sideline_reporter>	330
<http://yago-knowledge.org/resource/Singer-songwriter>	331
<http://yago-knowledge.org/resource/Social_reformer>	332
<http://yago-knowledge.org/resource/Social_work>	333
<http://yago-knowledge.org/resource/Social_worker>	334
<http://yago-knowledge.org/resource/Socialite>	335
<http://yago-knowledge.org/resource/Software_engineer>	336
<http://yago-knowledge.org/resource/Solicitor>	337
<http://yago-knowledge.org/resource/Songwriter>	338
<http://yago-knowledge.org/resource/Sound_editor_(filmmaking)>	339
<http://yago-knowledge.org/resource/Special_agent>	340
<http://yago-knowledge.org/resource/Speechwriter>	341
<http://yago-knowledge.org/resource/Spokesperson>	342
<http://yago-knowledge.org/resource/Sport_shooter>	343
<http://yago-knowledge.org/resource/Sports_agent>	344
<http://yago-knowledge.org/resource/Sports_analyst>	345
<http://yago-knowledge.org/resource/Sports_commentator>	346
<http://yago-knowledge.org/resource/Spree_killer>	347
<http://yago-knowledge.org/resource/Stage_actor>	348
<http://yago-knowledge.org/resource/State's_attorney>	349
<http://yago-knowledge.org/resource/Statesman>	350
<http://yago-knowledge.org/resource/Statistician>	351
<http://yago-knowledge.org/resource/Stockbroker>	352
<http://yago-knowledge.org/resource/Story_artist>	353
<http://yago-knowledge.org/resource/Storyboard_artist>	354
<http://yago-knowledge.org/resource/Strategist>	355
<http://yago-knowledge.org/resource/Street_artist>	356
<http://yago-knowledge.org/resource/Structural_engineer>	357
<http://yago-knowledge.org/resource/Student>	358
<http://yago-knowledge.org/resource/Stunt_coordinator>	359
<http://yago-knowledge.org/resource/Stunt_performer>	360
<http://yago-knowledge.org/resource/Suffragette>	361
<http://yago-knowledge.org/resource/Suffragist>	362
<http://yago-knowledge.org/resource/Superintendent_(education)>	363
<http://yago-knowledge.org/resource/Supermodel>	364
<http://yago-knowledge.org/resource/Talent_agent>	365
<http://yago-knowledge.org/resource/Talent_manager>	366
<http://yago-knowledge.org/resource/Tarento>	367
<http://yago-knowledge.org/resource/Tattoo_artist>	368
<http://yago-knowledge.org/resource/Tax_collector>	369
<http://yago-knowledge.org/resource/Teacher>	370
<http://yago-knowledge.org/resource/Technician>	371
<http://yago-knowledge.org/resource/Technology_evangelist>	372
<http://yago-knowledge.org/resource/Television_director>	373
<http://yago-knowledge.org/resource/Television_presenter>	374
<http://yago-knowledge.org/resource/Television_producer>	375
<http://yago-knowledge.org/resource/Test_pilot>	376
<http://yago-knowledge.org/resource/Theatre_director>	377
<http://yago-knowledge.org/resource/Theatrical_producer>	378
<http://yago-knowledge.org/resource/Theologian>	379
<http://yago-knowledge.org/resource/Thief>	380
<http://yago-knowledge.org/resource/Tonmeister>	381
<http://yago-knowledge.org/resource/Trader_(finance)>	382
<http://yago-knowledge.org/resource/Translator>	383
<http://yago-knowledge.org/resource/Treasurer>	384
<http://yago-knowledge.org/resource/Trustee>	385
<http://yago-knowledge.org/resource/Umpire_(baseball)>	386
<http://yago-knowledge.org/resource/United_States_Naval_Aviator>	387
<http://yago-knowledge.org/resource/United_States_Secretary_of_State>	388
<http://yago-knowledge.org/resource/Urban_planner>	389
<http://yago-knowledge.org/resource/Usher_(occupation)>	390
<http://yago-knowledge.org/resource/Veterinarian>	391
<http://yago-knowledge.org/resource/Vice_president>	392
<http://yago-knowledge.org/resource/Video_game_producer>	393
<http://yago-knowledge.org/resource/Video_game_programmer>	394
<http://yago-knowledge.org/resource/Video_game_writer>	395
<http://yago-knowledge.org/resource/Videographer>	396
<http://yago-knowledge.org/resource/Violinist>	397
<http://yago-knowledge.org/resource/Vocal_coach>	398
<http://yago-knowledge.org/resource/Voice_acting_in_Japan>	399
<http://yago-knowledge.org/resource/Volcanologist>	400
<http://yago-knowledge.org/resource/Waiting_staff>	401
<http://yago-knowledge.org/resource/War_correspondent>	402
<http://yago-knowledge.org/resource/Wardrobe_stylist>	403
<http://yago-knowledge.org/resource/Warehouseman>	404
<http://yago-knowledge.org/resource/Weather_presenter>	405
<http://yago-knowledge.org/resource/Whistleblower>	406
<http://yago-knowledge.org/resource/Wine_critic>	407
<http://yago-knowledge.org/resource/Winemaker>	408
<http://yago-knowledge.org/resource/Writer>	409
<http://yago-knowledge.org/resource/Zoologist>	410
