<http://yago-knowledge.org/resource/100_Thieves>	0
<http://yago-knowledge.org/resource/21_Laps_Entertainment>	1
<http://yago-knowledge.org/resource/23andMe>	2
<http://yago-knowledge.org/resource/3Com>	3
<http://yago-knowledge.org/resource/3rd_Regiment_Tennessee_Volunteer_Infantry>	4
<http://yago-knowledge.org/resource/454_Life_Sciences>	5
<http://yago-knowledge.org/resource/A.I.R._Gallery>	6
<http://yago-knowledge.org/resource/ACM_SIGLOG>	7
<http://yago-knowledge.org/resource/ACT_UP>	8
<http://yago-knowledge.org/resource/ARRAY>	9
<http://yago-knowledge.org/resource/Academi>	10
<http://yago-knowledge.org/resource/Academy_for_the_Love_of_Learning>	11
<http://yago-knowledge.org/resource/Academy_of_Medicine,_Engineering_and_Science_of_Texas>	12
<http://yago-knowledge.org/resource/Acumen_(organization)>	13
<http://yago-knowledge.org/resource/Ad_Astra_Rocket_Company>	14
<http://yago-knowledge.org/resource/Adafruit_Industries>	15
<http://yago-knowledge.org/resource/Adyar_Library>	16
<http://yago-knowledge.org/resource/AfriCOBRA>	17
<http://yago-knowledge.org/resource/African_Free_School>	18
<http://yago-knowledge.org/resource/Agilent_Technologies>	19
<http://yago-knowledge.org/resource/AhnLab,_Inc.>	20
<http://yago-knowledge.org/resource/AiLive>	21
<http://yago-knowledge.org/resource/Air_Force_Aid_Society>	22
<http://yago-knowledge.org/resource/Akamai_Technologies>	23
<http://yago-knowledge.org/resource/Alaska_Conservation_Society>	24
<http://yago-knowledge.org/resource/Albert_Einstein_Institution>	25
<http://yago-knowledge.org/resource/Alberto-Culver>	26
<http://yago-knowledge.org/resource/Alcon_Entertainment>	27
<http://yago-knowledge.org/resource/Aldo_Group>	28
<http://yago-knowledge.org/resource/Alfred_A._Knopf>	29
<http://yago-knowledge.org/resource/Alfred_P._Sloan_Foundation>	30
<http://yago-knowledge.org/resource/Allen_&_Unwin>	31
<http://yago-knowledge.org/resource/Allen_Institute>	32
<http://yago-knowledge.org/resource/Allen_Institute_for_AI>	33
<http://yago-knowledge.org/resource/Allen_Institute_for_Brain_Science>	34
<http://yago-knowledge.org/resource/Allen_Institute_for_Cell_Science>	35
<http://yago-knowledge.org/resource/Allied_Corporation>	36
<http://yago-knowledge.org/resource/Allozyne>	37
<http://yago-knowledge.org/resource/Alpha_Phi_Alpha>	38
<http://yago-knowledge.org/resource/Alphabet_Inc.>	39
<http://yago-knowledge.org/resource/Alsys>	40
<http://yago-knowledge.org/resource/Alternative_for_Germany>	41
<http://yago-knowledge.org/resource/Amblin_Entertainment>	42
<http://yago-knowledge.org/resource/Amblin_Partners>	43
<http://yago-knowledge.org/resource/Amdahl_Corporation>	44
<http://yago-knowledge.org/resource/America_First_Committee>	45
<http://yago-knowledge.org/resource/American_Abstract_Artists>	46
<http://yago-knowledge.org/resource/American_Action_Network>	47
<http://yago-knowledge.org/resource/American_Association_for_the_Abolition_of_Involuntary_Mental_Hospitalization>	48
<http://yago-knowledge.org/resource/American_Association_of_University_Professors>	49
<http://yago-knowledge.org/resource/American_Astronomical_Society>	50
<http://yago-knowledge.org/resource/American_Bridge_21st_Century>	51
<http://yago-knowledge.org/resource/American_Broadcasting_Company>	52
<http://yago-knowledge.org/resource/American_Civil_Liberties_Union>	53
<http://yago-knowledge.org/resource/American_Himalayan_Foundation>	54
<http://yago-knowledge.org/resource/American_Income_Life_Insurance_Company>	55
<http://yago-knowledge.org/resource/American_Institutes_for_Research>	56
<http://yago-knowledge.org/resource/American_Israel_Public_Affairs_Committee>	57
<http://yago-knowledge.org/resource/American_Legion>	58
<http://yago-knowledge.org/resource/American_Legislative_Exchange_Council>	59
<http://yago-knowledge.org/resource/American_Manufacturing_Council>	60
<http://yago-knowledge.org/resource/American_Nazi_Party>	61
<http://yago-knowledge.org/resource/American_Recordings_(record_label)>	62
<http://yago-knowledge.org/resource/American_Repertory_Theater>	63
<http://yago-knowledge.org/resource/American_School_for_the_Deaf>	64
<http://yago-knowledge.org/resource/American_Zoetrope>	65
<http://yago-knowledge.org/resource/Amiga_Corporation>	66
<http://yago-knowledge.org/resource/Ananda_College>	67
<http://yago-knowledge.org/resource/Andreessen_Horowitz>	68
<http://yago-knowledge.org/resource/AnitaB.org>	69
<http://yago-knowledge.org/resource/Anthem_Sports_&_Entertainment>	70
<http://yago-knowledge.org/resource/Anthology_Film_Archives>	71
<http://yago-knowledge.org/resource/Anti-Corruption_Foundation>	72
<http://yago-knowledge.org/resource/Apex_Learning>	73
<http://yago-knowledge.org/resource/Apollo_Computer>	74
<http://yago-knowledge.org/resource/Apotex>	75
<http://yago-knowledge.org/resource/Appalachian_Mountain_Club>	76
<http://yago-knowledge.org/resource/Apple_Inc.>	77
<http://yago-knowledge.org/resource/Arcadia_Fund>	78
<http://yago-knowledge.org/resource/Architectural_Research_Group>	79
<http://yago-knowledge.org/resource/Ariel_Investments>	80
<http://yago-knowledge.org/resource/Arista_Nashville>	81
<http://yago-knowledge.org/resource/Arista_Records>	82
<http://yago-knowledge.org/resource/Armenian_Center_for_National_and_International_Studies>	83
<http://yago-knowledge.org/resource/Artful_Learning>	84
<http://yago-knowledge.org/resource/Arthur_D._Little>	85
<http://yago-knowledge.org/resource/Asylum_Records>	86
<http://yago-knowledge.org/resource/Asymetrix>	87
<http://yago-knowledge.org/resource/Atish_Dipankar_University_of_Science_and_Technology>	88
<http://yago-knowledge.org/resource/Atlantic_Philanthropies>	89
<http://yago-knowledge.org/resource/Atomico>	90
<http://yago-knowledge.org/resource/Augmentation_Research_Center>	91
<http://yago-knowledge.org/resource/Avaaz>	92
<http://yago-knowledge.org/resource/Awesome_Comics>	93
<http://yago-knowledge.org/resource/Ayn_Rand_Institute>	94
<http://yago-knowledge.org/resource/B._Dalton>	95
<http://yago-knowledge.org/resource/BBN_Technologies>	96
<http://yago-knowledge.org/resource/BEA_Systems>	97
<http://yago-knowledge.org/resource/Bank_of_New_York>	98
<http://yago-knowledge.org/resource/Bar_Ilan_Responsa_Project>	99
<http://yago-knowledge.org/resource/Barcelona_Traction>	100
<http://yago-knowledge.org/resource/Bard_High_School_Early_College>	101
<http://yago-knowledge.org/resource/Barefoot_Foundation>	102
<http://yago-knowledge.org/resource/Barrick_Gold>	103
<http://yago-knowledge.org/resource/Bath_&_Body_Works>	104
<http://yago-knowledge.org/resource/Beal_Aerospace>	105
<http://yago-knowledge.org/resource/Beal_Bank>	106
<http://yago-knowledge.org/resource/Beijing_International_MBA_at_Peking_University>	107
<http://yago-knowledge.org/resource/Beijing_Students'_Autonomous_Federation>	108
<http://yago-knowledge.org/resource/Bent,_St._Vrain_&_Company>	109
<http://yago-knowledge.org/resource/Berea_College>	110
<http://yago-knowledge.org/resource/Berkeley_Earth>	111
<http://yago-knowledge.org/resource/Best_Buddies_International>	112
<http://yago-knowledge.org/resource/Betty_Ford_Center>	113
<http://yago-knowledge.org/resource/Bill_of_Rights_Institute>	114
<http://yago-knowledge.org/resource/Biogen>	115
<http://yago-knowledge.org/resource/BlackRock>	116
<http://yago-knowledge.org/resource/Black_Bear_Pictures>	117
<http://yago-knowledge.org/resource/Black_Mountain_College>	118
<http://yago-knowledge.org/resource/Black_Rock_Coalition>	119
<http://yago-knowledge.org/resource/Blue_Bird_Corporation>	120
<http://yago-knowledge.org/resource/Blue_Haven_Initiative>	121
<http://yago-knowledge.org/resource/Blue_Origin>	122
<http://yago-knowledge.org/resource/Blue_Sky_Studios>	123
<http://yago-knowledge.org/resource/Blum_Capital>	124
<http://yago-knowledge.org/resource/Boeing>	125
<http://yago-knowledge.org/resource/Boeing_Commercial_Airplanes>	126
<http://yago-knowledge.org/resource/Boisset_Collection>	127
<http://yago-knowledge.org/resource/Booking_Holdings>	128
<http://yago-knowledge.org/resource/Boone_and_Crockett_Club>	129
<http://yago-knowledge.org/resource/Booz_Allen_Hamilton>	130
<http://yago-knowledge.org/resource/Bose_Corporation>	131
<http://yago-knowledge.org/resource/Bosniak_Academy_of_Sciences_and_Arts>	132
<http://yago-knowledge.org/resource/Brandywine_Productions>	133
<http://yago-knowledge.org/resource/Bricker_&_Eckler>	134
<http://yago-knowledge.org/resource/Bridge_Communications>	135
<http://yago-knowledge.org/resource/Brillstein_Entertainment_Partners>	136
<http://yago-knowledge.org/resource/Brit_+_Co>	137
<http://yago-knowledge.org/resource/Broadcom_Corporation>	138
<http://yago-knowledge.org/resource/Broadway_Video>	139
<http://yago-knowledge.org/resource/Brookfield_Asset_Management>	140
<http://yago-knowledge.org/resource/Brownstone_Productions>	141
<http://yago-knowledge.org/resource/Bryn_Mawr_College>	142
<http://yago-knowledge.org/resource/Buffalo_Bill_Center_of_the_West>	143
<http://yago-knowledge.org/resource/Burger_King>	144
<http://yago-knowledge.org/resource/Burger_King_franchises>	145
<http://yago-knowledge.org/resource/Burton_Snowboards>	146
<http://yago-knowledge.org/resource/Bystander_Revolution>	147
<http://yago-knowledge.org/resource/C2_Pictures>	148
<http://yago-knowledge.org/resource/CACI>	149
<http://yago-knowledge.org/resource/CERGE-EI>	150
<http://yago-knowledge.org/resource/CESC_Limited>	151
<http://yago-knowledge.org/resource/CNN>	152
<http://yago-knowledge.org/resource/Cabot_Corporation>	153
<http://yago-knowledge.org/resource/Cadre_(company)>	154
<http://yago-knowledge.org/resource/Caesars_Entertainment_Corporation>	155
<http://yago-knowledge.org/resource/Calico_(company)>	156
<http://yago-knowledge.org/resource/Call_It_Spring>	157
<http://yago-knowledge.org/resource/Cambridge_Energy_Research_Associates>	158
<http://yago-knowledge.org/resource/Canadian_Action_Party>	159
<http://yago-knowledge.org/resource/Canadian_Information_Processing_Society>	160
<http://yago-knowledge.org/resource/Canadian_Security_Intelligence_Service>	161
<http://yago-knowledge.org/resource/Caparo>	162
<http://yago-knowledge.org/resource/Carrier_Corporation>	163
<http://yago-knowledge.org/resource/Carter_Center>	164
<http://yago-knowledge.org/resource/CartoonArts_International>	165
<http://yago-knowledge.org/resource/Cartoon_Pizza>	166
<http://yago-knowledge.org/resource/Castle_Rock_Entertainment>	167
<http://yago-knowledge.org/resource/Castle_Thunder_(prison)>	168
<http://yago-knowledge.org/resource/Catholic_Art_Association>	169
<http://yago-knowledge.org/resource/Catholics_in_Alliance_for_the_Common_Good>	170
<http://yago-knowledge.org/resource/Cato_Institute>	171
<http://yago-knowledge.org/resource/Cave_Canem_Foundation>	172
<http://yago-knowledge.org/resource/Cedar_Grove_Productions>	173
<http://yago-knowledge.org/resource/Cellular_Dynamics_International>	174
<http://yago-knowledge.org/resource/Center_for_Global_Development>	175
<http://yago-knowledge.org/resource/Center_for_Inquiry>	176
<http://yago-knowledge.org/resource/Center_for_Libertarian_Studies>	177
<http://yago-knowledge.org/resource/Center_for_Operations_Research_and_Econometrics>	178
<http://yago-knowledge.org/resource/Center_for_Strategic_and_International_Studies>	179
<http://yago-knowledge.org/resource/Center_for_UFO_Studies>	180
<http://yago-knowledge.org/resource/Central_Intelligence_Agency>	181
<http://yago-knowledge.org/resource/Centre_for_Computational_Geography>	182
<http://yago-knowledge.org/resource/Centre_for_Economic_Policy_Research>	183
<http://yago-knowledge.org/resource/Cervantine_Library>	184
<http://yago-knowledge.org/resource/Chalcedon_Foundation>	185
<http://yago-knowledge.org/resource/Chan_Zuckerberg_Initiative>	186
<http://yago-knowledge.org/resource/Channel_Frederator_Network>	187
<http://yago-knowledge.org/resource/Channel_One_Russia>	188
<http://yago-knowledge.org/resource/Chaos!_Comics>	189
<http://yago-knowledge.org/resource/Charles_Koch_Institute>	190
<http://yago-knowledge.org/resource/Charles_Scribner's_Sons>	191
<http://yago-knowledge.org/resource/Chernin_Entertainment>	192
<http://yago-knowledge.org/resource/Cherrytree_Records>	193
<http://yago-knowledge.org/resource/Chez_Panisse>	194
<http://yago-knowledge.org/resource/Chiron_Corporation>	195
<http://yago-knowledge.org/resource/Christian_and_Missionary_Alliance>	196
<http://yago-knowledge.org/resource/Christopher_and_Dana_Reeve_Foundation>	197
<http://yago-knowledge.org/resource/Cinecom_Pictures>	198
<http://yago-knowledge.org/resource/Cinema_Popular>	199
<http://yago-knowledge.org/resource/Cinergi_Pictures>	200
<http://yago-knowledge.org/resource/Citizens_for_Responsibility_and_Ethics_in_Washington>	201
<http://yago-knowledge.org/resource/City_Lights_Bookstore>	202
<http://yago-knowledge.org/resource/Civic_Choice>	203
<http://yago-knowledge.org/resource/Civic_Democratic_Party_(Czech_Republic)>	204
<http://yago-knowledge.org/resource/Clark_Art_Institute>	205
<http://yago-knowledge.org/resource/Clinique>	206
<http://yago-knowledge.org/resource/Club_for_Growth>	207
<http://yago-knowledge.org/resource/Cogan,_Berlind,_Weill_&_Levitt>	208
<http://yago-knowledge.org/resource/Colonial_Air_Transport>	209
<http://yago-knowledge.org/resource/Color_Force>	210
<http://yago-knowledge.org/resource/Columbia_Pictures>	211
<http://yago-knowledge.org/resource/Comcast>	212
<http://yago-knowledge.org/resource/Commercial_Radio_Hong_Kong>	213
<http://yago-knowledge.org/resource/Committee_for_Skeptical_Inquiry>	214
<http://yago-knowledge.org/resource/Conaco>	215
<http://yago-knowledge.org/resource/Concept2>	216
<http://yago-knowledge.org/resource/Concord_Production_Inc.>	217
<http://yago-knowledge.org/resource/Confederate_Army_of_Kentucky>	218
<http://yago-knowledge.org/resource/Conservative_Party_of_New_York_State>	219
<http://yago-knowledge.org/resource/Cook_Group>	220
<http://yago-knowledge.org/resource/Cornell_Lab_of_Ornithology>	221
<http://yago-knowledge.org/resource/Corporation_for_National_Research_Initiatives>	222
<http://yago-knowledge.org/resource/Correct_the_Record>	223
<http://yago-knowledge.org/resource/Cosmopolitan_Productions>	224
<http://yago-knowledge.org/resource/Coudert_Brothers>	225
<http://yago-knowledge.org/resource/Council_for_Secular_Humanism>	226
<http://yago-knowledge.org/resource/Council_of_the_Americas>	227
<http://yago-knowledge.org/resource/Council_on_Foreign_Relations>	228
<http://yago-knowledge.org/resource/Council_on_Tall_Buildings_and_Urban_Habitat>	229
<http://yago-knowledge.org/resource/Course_of_Freedom>	230
<http://yago-knowledge.org/resource/Creative_Artists_Agency>	231
<http://yago-knowledge.org/resource/Creative_Commons>	232
<http://yago-knowledge.org/resource/Crisis_Text_Line>	233
<http://yago-knowledge.org/resource/Cuneo_Gilbert_&_LaDuca,_LLP>	234
<http://yago-knowledge.org/resource/DATA>	235
<http://yago-knowledge.org/resource/DFS_Group>	236
<http://yago-knowledge.org/resource/DGC_Records>	237
<http://yago-knowledge.org/resource/Dalai_Lama_Center_for_Peace_and_Education>	238
<http://yago-knowledge.org/resource/Datamatics>	239
<http://yago-knowledge.org/resource/David_Horowitz_Freedom_Center>	240
<http://yago-knowledge.org/resource/David_Zwirner_Gallery>	241
<http://yago-knowledge.org/resource/Davis_Entertainment>	242
<http://yago-knowledge.org/resource/DeLorean_Motor_Company>	243
<http://yago-knowledge.org/resource/Debevoise_&_Plimpton>	244
<http://yago-knowledge.org/resource/Deedle-Dee_Productions>	245
<http://yago-knowledge.org/resource/Deep_Lab>	246
<http://yago-knowledge.org/resource/Def_Jam_Recordings>	247
<http://yago-knowledge.org/resource/Defense_Distributed>	248
<http://yago-knowledge.org/resource/Defense_Intelligence_Agency>	249
<http://yago-knowledge.org/resource/Delano_&_Aldrich>	250
<http://yago-knowledge.org/resource/Delco_Electronics>	251
<http://yago-knowledge.org/resource/Deliveroo>	252
<http://yago-knowledge.org/resource/Dell>	253
<http://yago-knowledge.org/resource/Dell_Software>	254
<http://yago-knowledge.org/resource/Dell_Technologies>	255
<http://yago-knowledge.org/resource/Democratic-Republican_Party>	256
<http://yago-knowledge.org/resource/Democratic_Socialists_of_America>	257
<http://yago-knowledge.org/resource/Destination_Games>	258
<http://yago-knowledge.org/resource/Dharmaraja_College>	259
<http://yago-knowledge.org/resource/Di_Bonaventura_Pictures>	260
<http://yago-knowledge.org/resource/Diamond_Schmitt_Architects>	261
<http://yago-knowledge.org/resource/Dick_Clark_Productions>	262
<http://yago-knowledge.org/resource/Dickinson_College>	263
<http://yago-knowledge.org/resource/Digital_Domain>	264
<http://yago-knowledge.org/resource/Digital_Equipment_Corporation>	265
<http://yago-knowledge.org/resource/Digital_Research>	266
<http://yago-knowledge.org/resource/Dignitas_International>	267
<http://yago-knowledge.org/resource/Documentary_Film_Movement>	268
<http://yago-knowledge.org/resource/Dodgeball_(service)>	269
<http://yago-knowledge.org/resource/Donald_J._Trump_Foundation>	270
<http://yago-knowledge.org/resource/Doppler_Labs>	271
<http://yago-knowledge.org/resource/Double_Fine>	272
<http://yago-knowledge.org/resource/Double_Union>	273
<http://yago-knowledge.org/resource/Douglas_Aircraft_Company>	274
<http://yago-knowledge.org/resource/DreamWorks_Animation>	275
<http://yago-knowledge.org/resource/DreamWorks_Pictures>	276
<http://yago-knowledge.org/resource/DreamWorks_Records>	277
<http://yago-knowledge.org/resource/Drug_Free_America_Foundation>	278
<http://yago-knowledge.org/resource/EVoice>	279
<http://yago-knowledge.org/resource/E_Ink_Corporation>	280
<http://yago-knowledge.org/resource/Eagle_Forum>	281
<http://yago-knowledge.org/resource/East_Holmes_Academy>	282
<http://yago-knowledge.org/resource/Eazel>	283
<http://yago-knowledge.org/resource/Eczacıbaşı>	284
<http://yago-knowledge.org/resource/Edward_M._Kennedy_Institute_for_the_United_States_Senate>	285
<http://yago-knowledge.org/resource/El_Sistema>	286
<http://yago-knowledge.org/resource/Electronic_Data_Systems>	287
<http://yago-knowledge.org/resource/Electronic_Frontier_Foundation>	288
<http://yago-knowledge.org/resource/Electronic_Theatre_Controls>	289
<http://yago-knowledge.org/resource/Electronics_for_Imaging>	290
<http://yago-knowledge.org/resource/Elegant_Angel>	291
<http://yago-knowledge.org/resource/Element_Solutions>	292
<http://yago-knowledge.org/resource/Elevation_Partners>	293
<http://yago-knowledge.org/resource/Elizabeth_Glaser_Pediatric_AIDS_Foundation>	294
<http://yago-knowledge.org/resource/Ellison_Medical_Foundation>	295
<http://yago-knowledge.org/resource/Emerson_Electric>	296
<http://yago-knowledge.org/resource/Emigre_(type_foundry)>	297
<http://yago-knowledge.org/resource/Endangered_Archives_Programme>	298
<http://yago-knowledge.org/resource/Ethical_Culture_Fieldston_School>	299
<http://yago-knowledge.org/resource/Evans_&_Sutherland>	300
<http://yago-knowledge.org/resource/Evans_Scholars_Foundation>	301
<http://yago-knowledge.org/resource/Evergreen_State_College>	302
<http://yago-knowledge.org/resource/Evil_Angel_(studio)>	303
<http://yago-knowledge.org/resource/Experiments_in_Art_and_Technology>	304
<http://yago-knowledge.org/resource/FRELIMO>	305
<http://yago-knowledge.org/resource/FWD.us>	306
<http://yago-knowledge.org/resource/Facebook,_Inc.>	307
<http://yago-knowledge.org/resource/Fairchild_Aircraft>	308
<http://yago-knowledge.org/resource/Fairchild_Aircraft_Ltd.>	309
<http://yago-knowledge.org/resource/Fairchild_Semiconductor>	310
<http://yago-knowledge.org/resource/Fairtex>	311
<http://yago-knowledge.org/resource/Family_Tree_DNA>	312
<http://yago-knowledge.org/resource/Farrar_&_Rinehart>	313
<http://yago-knowledge.org/resource/FatKat_(investment_software)>	314
<http://yago-knowledge.org/resource/FedEx>	315
<http://yago-knowledge.org/resource/Federal_Bureau_of_Investigation>	316
<http://yago-knowledge.org/resource/Federal_Emergency_Management_Agency>	317
<http://yago-knowledge.org/resource/Federal_Housing_Administration>	318
<http://yago-knowledge.org/resource/Federal_Trade_Commission>	319
<http://yago-knowledge.org/resource/Federalist_Party>	320
<http://yago-knowledge.org/resource/Federation_of_American_Scientists>	321
<http://yago-knowledge.org/resource/Film_Workshop>	322
<http://yago-knowledge.org/resource/Fine_Line_Features>	323
<http://yago-knowledge.org/resource/Firaxis_Games>	324
<http://yago-knowledge.org/resource/First_Solar>	325
<http://yago-knowledge.org/resource/First_United_States_Army>	326
<http://yago-knowledge.org/resource/FiscalNote>	327
<http://yago-knowledge.org/resource/Fon_(company)>	328
<http://yago-knowledge.org/resource/Forstmann_Little_&_Company>	329
<http://yago-knowledge.org/resource/Foster_and_Partners>	330
<http://yago-knowledge.org/resource/Foundation_for_Armenian_Science_and_Technology>	331
<http://yago-knowledge.org/resource/Foundation_for_Moral_Law>	332
<http://yago-knowledge.org/resource/Frederator_Networks,_Inc.>	333
<http://yago-knowledge.org/resource/Frederator_Studios>	334
<http://yago-knowledge.org/resource/Free_Expression_Policy_Project>	335
<http://yago-knowledge.org/resource/Free_Software_Foundation>	336
<http://yago-knowledge.org/resource/Freedom_From_Religion_Foundation>	337
<http://yago-knowledge.org/resource/Freedom_House>	338
<http://yago-knowledge.org/resource/Freedom_House_(Roxbury,_Massachusetts)>	339
<http://yago-knowledge.org/resource/Freedom_Now>	340
<http://yago-knowledge.org/resource/Freedom_of_the_Press_Foundation>	341
<http://yago-knowledge.org/resource/Freeman_Spogli_&_Co.>	342
<http://yago-knowledge.org/resource/Fremulon>	343
<http://yago-knowledge.org/resource/French-American_Foundation>	344
<http://yago-knowledge.org/resource/Friends_In_Deed>	345
<http://yago-knowledge.org/resource/Frontier_Services_Group>	346
<http://yago-knowledge.org/resource/Future_Forward_Party>	347
<http://yago-knowledge.org/resource/G2000>	348
<http://yago-knowledge.org/resource/GLAAD>	349
<http://yago-knowledge.org/resource/GNU_Project>	350
<http://yago-knowledge.org/resource/Gannett>	351
<http://yago-knowledge.org/resource/Gap_Inc.>	352
<http://yago-knowledge.org/resource/Gardner_Denver>	353
<http://yago-knowledge.org/resource/Gay_Activists_Alliance>	354
<http://yago-knowledge.org/resource/Gay_Men's_Health_Crisis>	355
<http://yago-knowledge.org/resource/Geek_&_Sundry>	356
<http://yago-knowledge.org/resource/Geffen_Records>	357
<http://yago-knowledge.org/resource/GenArts,_Inc.>	358
<http://yago-knowledge.org/resource/Gene_by_Gene>	359
<http://yago-knowledge.org/resource/Genentech>	360
<http://yago-knowledge.org/resource/General_Electric>	361
<http://yago-knowledge.org/resource/General_Magic>	362
<http://yago-knowledge.org/resource/Genre_Films>	363
<http://yago-knowledge.org/resource/Getty_Oil>	364
<http://yago-knowledge.org/resource/Getty_Research_Institute>	365
<http://yago-knowledge.org/resource/Ghost_House_Pictures>	366
<http://yago-knowledge.org/resource/Giorno_Poetry_Systems>	367
<http://yago-knowledge.org/resource/Glencore>	368
<http://yago-knowledge.org/resource/Glitch_(company)>	369
<http://yago-knowledge.org/resource/Godrej_Properties_Limited>	370
<http://yago-knowledge.org/resource/Golden_Spike_Company>	371
<http://yago-knowledge.org/resource/Google>	372
<http://yago-knowledge.org/resource/Google_Nest>	373
<http://yago-knowledge.org/resource/Gordon_and_Betty_Moore_Foundation>	374
<http://yago-knowledge.org/resource/Gracie_Films>	375
<http://yago-knowledge.org/resource/Greek_Socialist_Party>	376
<http://yago-knowledge.org/resource/Greenpeace>	377
<http://yago-knowledge.org/resource/Greenwich_House>	378
<http://yago-knowledge.org/resource/Greycroft>	379
<http://yago-knowledge.org/resource/Griffith_R._Harsh_IV_and_Margaret_C_Whitman_Charitable_Foundation>	380
<http://yago-knowledge.org/resource/Grindhouse_Releasing>	381
<http://yago-knowledge.org/resource/Groupon>	382
<http://yago-knowledge.org/resource/Grumman>	383
<http://yago-knowledge.org/resource/HM_Capital_Partners>	384
<http://yago-knowledge.org/resource/HOK_(firm)>	385
<http://yago-knowledge.org/resource/HP_Inc.>	386
<http://yago-knowledge.org/resource/HRG_Group>	387
<http://yago-knowledge.org/resource/HTC>	388
<http://yago-knowledge.org/resource/Hanna-Barbera>	389
<http://yago-knowledge.org/resource/Hannibal_Records>	390
<http://yago-knowledge.org/resource/Harbour_Productions_Unlimited>	391
<http://yago-knowledge.org/resource/Hard_Candy_Fitness>	392
<http://yago-knowledge.org/resource/Harlem_Youth_Opportunities_Unlimited>	393
<http://yago-knowledge.org/resource/Harley-Davidson>	394
<http://yago-knowledge.org/resource/Hayden,_Stone_&_Co.>	395
<http://yago-knowledge.org/resource/Hayden_Planetarium>	396
<http://yago-knowledge.org/resource/HealthCorps>	397
<http://yago-knowledge.org/resource/Heartland_Industrial_Partners>	398
<http://yago-knowledge.org/resource/Henry_Holt_and_Company>	399
<http://yago-knowledge.org/resource/HerRoom>	400
<http://yago-knowledge.org/resource/Hermitage_Capital_Management>	401
<http://yago-knowledge.org/resource/Heterodox_Academy>	402
<http://yago-knowledge.org/resource/Hewlett-Packard>	403
<http://yago-knowledge.org/resource/Hewlett_Foundation>	404
<http://yago-knowledge.org/resource/Heyday_Films>	405
<http://yago-knowledge.org/resource/High_School_of_Music_&_Art>	406
<http://yago-knowledge.org/resource/HitRecord>	407
<http://yago-knowledge.org/resource/Hollywood_Canteen>	408
<http://yago-knowledge.org/resource/Home_Shopping_Network>	409
<http://yago-knowledge.org/resource/House_of_Anansi_Press>	410
<http://yago-knowledge.org/resource/Howard_University>	411
<http://yago-knowledge.org/resource/Hudson_Institute>	412
<http://yago-knowledge.org/resource/Human_Rights_Foundation>	413
<http://yago-knowledge.org/resource/Hungry_Jack's>	414
<http://yago-knowledge.org/resource/Hôpital_Albert_Schweitzer_Haiti>	415
<http://yago-knowledge.org/resource/IMAX_Corporation>	416
<http://yago-knowledge.org/resource/IRobot>	417
<http://yago-knowledge.org/resource/Id_Software>	418
<http://yago-knowledge.org/resource/Illinois_Mathematics_and_Science_Academy>	419
<http://yago-knowledge.org/resource/Impossible_Foods>	420
<http://yago-knowledge.org/resource/In-Q-Tel>	421
<http://yago-knowledge.org/resource/Initialized_Capital>	422
<http://yago-knowledge.org/resource/Inktomi>	423
<http://yago-knowledge.org/resource/Innovations_for_Poverty_Action>	424
<http://yago-knowledge.org/resource/Institut_français_des_relations_internationales>	425
<http://yago-knowledge.org/resource/Institute_for_Advanced_Study>	426
<http://yago-knowledge.org/resource/Institute_for_Advanced_Theater_Training>	427
<http://yago-knowledge.org/resource/Institute_for_Humane_Studies>	428
<http://yago-knowledge.org/resource/Institute_for_New_Economic_Thinking>	429
<http://yago-knowledge.org/resource/Institute_for_Research_in_Philosophy>	430
<http://yago-knowledge.org/resource/Institute_for_Scientific_Information>	431
<http://yago-knowledge.org/resource/Institute_for_the_Future>	432
<http://yago-knowledge.org/resource/Institute_of_Human_Origins>	433
<http://yago-knowledge.org/resource/Institute_of_International_Education>	434
<http://yago-knowledge.org/resource/Institute_of_Puerto_Rican_Culture>	435
<http://yago-knowledge.org/resource/Institute_of_Rural_Management_Anand>	436
<http://yago-knowledge.org/resource/Intel>	437
<http://yago-knowledge.org/resource/Intellectual_Ventures>	438
<http://yago-knowledge.org/resource/InterContinental>	439
<http://yago-knowledge.org/resource/International_Academy_of_Sciences_San_Marino>	440
<http://yago-knowledge.org/resource/International_Action_Center>	441
<http://yago-knowledge.org/resource/International_Archive_of_Women_in_Architecture>	442
<http://yago-knowledge.org/resource/International_Auxiliary_Language_Association>	443
<http://yago-knowledge.org/resource/International_Centre_of_Insect_Physiology_and_Ecology>	444
<http://yago-knowledge.org/resource/International_Data_Group>	445
<http://yago-knowledge.org/resource/International_Film_Service>	446
<http://yago-knowledge.org/resource/International_News_Service>	447
<http://yago-knowledge.org/resource/International_World_Wide_Web_Conference_Committee>	448
<http://yago-knowledge.org/resource/Internet_Assigned_Numbers_Authority>	449
<http://yago-knowledge.org/resource/Internet_Society>	450
<http://yago-knowledge.org/resource/Interval_Research_Corporation>	451
<http://yago-knowledge.org/resource/Ion_Storm>	452
<http://yago-knowledge.org/resource/Israel_Aerospace_Industries>	453
<http://yago-knowledge.org/resource/Isramco>	454
<http://yago-knowledge.org/resource/Ivar's>	455
<http://yago-knowledge.org/resource/Ivorypress>	456
<http://yago-knowledge.org/resource/J._Paul_Getty_Museum>	457
<http://yago-knowledge.org/resource/J._Paul_Getty_Trust>	458
<http://yago-knowledge.org/resource/JASON_(advisory_group)>	459
<http://yago-knowledge.org/resource/J_Records>	460
<http://yago-knowledge.org/resource/Jack_Entertainment>	461
<http://yago-knowledge.org/resource/James_S._McDonnell_Foundation>	462
<http://yago-knowledge.org/resource/Jatiya_Oikya_Front>	463
<http://yago-knowledge.org/resource/Jay_Ward_Productions>	464
<http://yago-knowledge.org/resource/Jazztel>	465
<http://yago-knowledge.org/resource/Jerusalem_Center_for_Public_Affairs>	466
<http://yago-knowledge.org/resource/Jewish_Defense_League>	467
<http://yago-knowledge.org/resource/John_Birch_Society>	468
<http://yago-knowledge.org/resource/John_F._Kennedy_School_of_Government>	469
<http://yago-knowledge.org/resource/John_M._Olin_Foundation>	470
<http://yago-knowledge.org/resource/John_S._and_James_L._Knight_Foundation>	471
<http://yago-knowledge.org/resource/John_Templeton_Foundation>	472
<http://yago-knowledge.org/resource/Johnson_Publishing_Company>	473
<http://yago-knowledge.org/resource/Juilliard_String_Quartet>	474
<http://yago-knowledge.org/resource/Junction_Point_Studios>	475
<http://yago-knowledge.org/resource/Just_(company)>	476
<http://yago-knowledge.org/resource/KB_Home>	477
<http://yago-knowledge.org/resource/Kappa_Delta_Pi>	478
<http://yago-knowledge.org/resource/Katherine_Dunham_Company>	479
<http://yago-knowledge.org/resource/Keyhole,_Inc>	480
<http://yago-knowledge.org/resource/Keysight>	481
<http://yago-knowledge.org/resource/Khemara_(NGO)>	482
<http://yago-knowledge.org/resource/King_Features_Syndicate>	483
<http://yago-knowledge.org/resource/Kingdom_Holding_Company>	484
<http://yago-knowledge.org/resource/Kissinger_Associates>	485
<http://yago-knowledge.org/resource/Kitchen_Table:_Women_of_Color_Press>	486
<http://yago-knowledge.org/resource/Kleiner_Perkins>	487
<http://yago-knowledge.org/resource/Knight_Ridder>	488
<http://yago-knowledge.org/resource/Koch_Industries>	489
<http://yago-knowledge.org/resource/Kofi_Annan_Foundation>	490
<http://yago-knowledge.org/resource/Korean_National_Revolutionary_Party>	491
<http://yago-knowledge.org/resource/Kraft_Group>	492
<http://yago-knowledge.org/resource/Kroll_Bond_Rating_Agency>	493
<http://yago-knowledge.org/resource/Kroll_Inc.>	494
<http://yago-knowledge.org/resource/Kurzweil_Educational_Systems>	495
<http://yago-knowledge.org/resource/Kurzweil_Music_Systems>	496
<http://yago-knowledge.org/resource/Kushner_Companies>	497
<http://yago-knowledge.org/resource/L_Brands>	498
<http://yago-knowledge.org/resource/LaSalle_(automobile)>	499
<http://yago-knowledge.org/resource/LabTV>	500
<http://yago-knowledge.org/resource/Lady_Bird_Johnson_Wildflower_Center>	501
<http://yago-knowledge.org/resource/Laika_(company)>	502
<http://yago-knowledge.org/resource/Lakeshore_Entertainment>	503
<http://yago-knowledge.org/resource/Lam_Research>	504
<http://yago-knowledge.org/resource/League_for_Programming_Freedom>	505
<http://yago-knowledge.org/resource/Leidos>	506
<http://yago-knowledge.org/resource/Leo_Burnett_Worldwide>	507
<http://yago-knowledge.org/resource/Les_Arts_Florissants_(ensemble)>	508
<http://yago-knowledge.org/resource/Liberal_Democrats_(Italy)>	509
<http://yago-knowledge.org/resource/Liberal_Party_(South_Korea)>	510
<http://yago-knowledge.org/resource/Liberal_Party_of_New_York>	511
<http://yago-knowledge.org/resource/Lightstorm_Entertainment>	512
<http://yago-knowledge.org/resource/Lincoln_Center>	513
<http://yago-knowledge.org/resource/LittleBits>	514
<http://yago-knowledge.org/resource/Little_Stranger_(company)>	515
<http://yago-knowledge.org/resource/LivePlanet>	516
<http://yago-knowledge.org/resource/Lookingglass_Theatre_Company>	517
<http://yago-knowledge.org/resource/Los_Angeles_Philharmonic>	518
<http://yago-knowledge.org/resource/Lotus_Software>	519
<http://yago-knowledge.org/resource/MCA_Inc.>	520
<http://yago-knowledge.org/resource/MIT_Sloan_Sports_Analytics_Conference>	521
<http://yago-knowledge.org/resource/MSD_Capital>	522
<http://yago-knowledge.org/resource/Machine_Shop_Records>	523
<http://yago-knowledge.org/resource/Mahajana_Eksath_Peramuna>	524
<http://yago-knowledge.org/resource/Malaria_No_More>	525
<http://yago-knowledge.org/resource/Malawi_Congress_Party>	526
<http://yago-knowledge.org/resource/Maliyadeva_College>	527
<http://yago-knowledge.org/resource/Mandalay_Entertainment>	528
<http://yago-knowledge.org/resource/Mandalay_Pictures>	529
<http://yago-knowledge.org/resource/Manhattan_Ensemble_Theatre>	530
<http://yago-knowledge.org/resource/Maple_Leaf_Sports_&_Entertainment>	531
<http://yago-knowledge.org/resource/March_of_Dimes>	532
<http://yago-knowledge.org/resource/Market-Based_Management_Institute>	533
<http://yago-knowledge.org/resource/Marland_Oil_Company>	534
<http://yago-knowledge.org/resource/Massachusetts_Institute_of_Technology>	535
<http://yago-knowledge.org/resource/Massachusetts_Medical_Society>	536
<http://yago-knowledge.org/resource/Math_for_America>	537
<http://yago-knowledge.org/resource/Maverick_(company)>	538
<http://yago-knowledge.org/resource/Maverick_Films>	539
<http://yago-knowledge.org/resource/Maverick_Records>	540
<http://yago-knowledge.org/resource/Mayo_Clinic>	541
<http://yago-knowledge.org/resource/McDonnell_Aircraft_Corporation>	542
<http://yago-knowledge.org/resource/McDonnell_Douglas>	543
<http://yago-knowledge.org/resource/McGovern_Institute_for_Brain_Research>	544
<http://yago-knowledge.org/resource/McKim,_Mead_&_White>	545
<http://yago-knowledge.org/resource/McKinsey_&_Company>	546
<http://yago-knowledge.org/resource/Medbridge>	547
<http://yago-knowledge.org/resource/Media_Matters_for_America>	548
<http://yago-knowledge.org/resource/Meiji_Gakuin_University>	549
<http://yago-knowledge.org/resource/Merchant_Ivory_Productions>	550
<http://yago-knowledge.org/resource/Meridiana>	551
<http://yago-knowledge.org/resource/Merrill_(company)>	552
<http://yago-knowledge.org/resource/Metaweb>	553
<http://yago-knowledge.org/resource/Metromedia>	554
<http://yago-knowledge.org/resource/Michael_&_Susan_Dell_Foundation>	555
<http://yago-knowledge.org/resource/MicroProse>	556
<http://yago-knowledge.org/resource/Microsoft>	557
<http://yago-knowledge.org/resource/Milestone_Records>	558
<http://yago-knowledge.org/resource/Milton_Bradley_Company>	559
<http://yago-knowledge.org/resource/Mirage_Resorts>	560
<http://yago-knowledge.org/resource/Mises_Institute>	561
<http://yago-knowledge.org/resource/Mission_Hill_School>	562
<http://yago-knowledge.org/resource/Mode_Media>	563
<http://yago-knowledge.org/resource/Mojave_Aerospace_Ventures>	564
<http://yago-knowledge.org/resource/Monitor_Deloitte>	565
<http://yago-knowledge.org/resource/MonkeyBrain_Books>	566
<http://yago-knowledge.org/resource/Monkeystone_Games>	567
<http://yago-knowledge.org/resource/Mont_Pelerin_Society>	568
<http://yago-knowledge.org/resource/Moody_Foundation>	569
<http://yago-knowledge.org/resource/Moody_National_Bank>	570
<http://yago-knowledge.org/resource/Morgans_Hotel_Group>	571
<http://yago-knowledge.org/resource/Movement_for_Democratic_Change_–_Tsvangirai>	572
<http://yago-knowledge.org/resource/Movement_of_Democratic_Socialists>	573
<http://yago-knowledge.org/resource/Movement_of_New_Forces>	574
<http://yago-knowledge.org/resource/Moving_Picture_Institute>	575
<http://yago-knowledge.org/resource/Muhlenberg_Greene_Architects>	576
<http://yago-knowledge.org/resource/Murray_Energy>	577
<http://yago-knowledge.org/resource/MySpace_Records>	578
<http://yago-knowledge.org/resource/Mérida_State_Symphony_Orchestra>	579
<http://yago-knowledge.org/resource/NAACP>	580
<http://yago-knowledge.org/resource/NASA>	581
<http://yago-knowledge.org/resource/NBBJ>	582
<http://yago-knowledge.org/resource/NFL_Films>	583
<http://yago-knowledge.org/resource/Nassau_Club>	584
<http://yago-knowledge.org/resource/Nathaniel_Branden_Institute>	585
<http://yago-knowledge.org/resource/National_Archives_and_Records_Administration>	586
<http://yago-knowledge.org/resource/National_Baseball_Hall_of_Fame_and_Museum>	587
<http://yago-knowledge.org/resource/National_Bureau_of_Economic_Research>	588
<http://yago-knowledge.org/resource/National_Cancer_Institute>	589
<http://yago-knowledge.org/resource/National_Capital_Transportation_Agency>	590
<http://yago-knowledge.org/resource/National_Centrist_Party>	591
<http://yago-knowledge.org/resource/National_Child_Labor_Committee>	592
<http://yago-knowledge.org/resource/National_Committee_to_Preserve_Social_Security_and_Medicare>	593
<http://yago-knowledge.org/resource/National_Consumers_League>	594
<http://yago-knowledge.org/resource/National_Endowment_for_Democracy>	595
<http://yago-knowledge.org/resource/National_Film_Board_of_Canada>	596
<http://yago-knowledge.org/resource/National_Instruments>	597
<http://yago-knowledge.org/resource/National_Labor_Relations_Board>	598
<http://yago-knowledge.org/resource/National_Organization_for_Women>	599
<http://yago-knowledge.org/resource/National_Park_Foundation>	600
<http://yago-knowledge.org/resource/National_Parks_Conservation_Association>	601
<http://yago-knowledge.org/resource/National_Society_of_Black_Physicists>	602
<http://yago-knowledge.org/resource/National_Unity_Party_(Haiti)>	603
<http://yago-knowledge.org/resource/Natural_Resources_Defense_Council>	604
<http://yago-knowledge.org/resource/Naughty_Dog>	605
<http://yago-knowledge.org/resource/Nerdist_Industries>	606
<http://yago-knowledge.org/resource/Neuralink>	607
<http://yago-knowledge.org/resource/New_Line_Cinema>	608
<http://yago-knowledge.org/resource/New_London_Ship_and_Engine_Company>	609
<http://yago-knowledge.org/resource/New_York_Botanical_Garden>	610
<http://yago-knowledge.org/resource/Niagara_Movement>	611
<http://yago-knowledge.org/resource/Niantic_(company)>	612
<http://yago-knowledge.org/resource/Nielsen_Holdings>	613
<http://yago-knowledge.org/resource/Nieto_Sobejano_Arquitectos>	614
<http://yago-knowledge.org/resource/No_Labels>	615
<http://yago-knowledge.org/resource/Nomadix>	616
<http://yago-knowledge.org/resource/Non-Linear_Systems>	617
<http://yago-knowledge.org/resource/Nortd_Labs>	618
<http://yago-knowledge.org/resource/Northrop_Grumman>	619
<http://yago-knowledge.org/resource/Numenta>	620
<http://yago-knowledge.org/resource/OLIN>	621
<http://yago-knowledge.org/resource/Oak_Hill_Capital_Partners>	622
<http://yago-knowledge.org/resource/Obama_Foundation>	623
<http://yago-knowledge.org/resource/Obi_Worldphone>	624
<http://yago-knowledge.org/resource/Observer_Media>	625
<http://yago-knowledge.org/resource/Ocean_Alliance>	626
<http://yago-knowledge.org/resource/Off-White_(company)>	627
<http://yago-knowledge.org/resource/Olin_Corporation>	628
<http://yago-knowledge.org/resource/Olmsted_Brothers>	629
<http://yago-knowledge.org/resource/One_Laptop_per_Child>	630
<http://yago-knowledge.org/resource/OpenAI>	631
<http://yago-knowledge.org/resource/Open_Source_Initiative>	632
<http://yago-knowledge.org/resource/Operation_Fly,_Inc.>	633
<http://yago-knowledge.org/resource/Opsware>	634
<http://yago-knowledge.org/resource/Oracle_Cloud>	635
<http://yago-knowledge.org/resource/Oracle_Corporation>	636
<http://yago-knowledge.org/resource/Orangutan_Foundation_International>	637
<http://yago-knowledge.org/resource/Order_of_Lafayette>	638
<http://yago-knowledge.org/resource/Organization_of_Black_American_Culture>	639
<http://yago-knowledge.org/resource/Organizing_for_Action>	640
<http://yago-knowledge.org/resource/Oriental_Institute_(Chicago)>	641
<http://yago-knowledge.org/resource/Origin_Systems>	642
<http://yago-knowledge.org/resource/Orion_Pictures>	643
<http://yago-knowledge.org/resource/Ornithological_Society_of_New_Zealand>	644
<http://yago-knowledge.org/resource/Our_Common_Cause>	645
<http://yago-knowledge.org/resource/PASOK>	646
<http://yago-knowledge.org/resource/Pacific_Coffee>	647
<http://yago-knowledge.org/resource/Pakistan_Peoples_Party>	648
<http://yago-knowledge.org/resource/Palm,_Inc.>	649
<http://yago-knowledge.org/resource/Participant_(company)>	650
<http://yago-knowledge.org/resource/Partners_In_Health>	651
<http://yago-knowledge.org/resource/Pearl_Street_Films>	652
<http://yago-knowledge.org/resource/Pei_Cobb_Freed_&_Partners>	653
<http://yago-knowledge.org/resource/Pencils_of_Promise>	654
<http://yago-knowledge.org/resource/Pennsylvania_Liquor_Control_Board>	655
<http://yago-knowledge.org/resource/Pentagram_(design_firm)>	656
<http://yago-knowledge.org/resource/People_First_Party_(Taiwan)>	657
<http://yago-knowledge.org/resource/People_Party_(South_Korea)>	658
<http://yago-knowledge.org/resource/People_With_AIDS>	659
<http://yago-knowledge.org/resource/Perelman_School_of_Medicine_at_the_University_of_Pennsylvania>	660
<http://yago-knowledge.org/resource/Peres_Center_for_Peace>	661
<http://yago-knowledge.org/resource/Perot_Systems>	662
<http://yago-knowledge.org/resource/Philadelphia_Association>	663
<http://yago-knowledge.org/resource/Philadelphia_Savings_Fund_Society>	664
<http://yago-knowledge.org/resource/Philomathean_Society>	665
<http://yago-knowledge.org/resource/Phoenix_Pictures>	666
<http://yago-knowledge.org/resource/Photo_League>	667
<http://yago-knowledge.org/resource/Piasecki_Aircraft>	668
<http://yago-knowledge.org/resource/Piasecki_Helicopter>	669
<http://yago-knowledge.org/resource/Pine_Street_School_New_York>	670
<http://yago-knowledge.org/resource/Pixel_Qi>	671
<http://yago-knowledge.org/resource/Planetary_Resources>	672
<http://yago-knowledge.org/resource/Platinum_Equity>	673
<http://yago-knowledge.org/resource/Playboy_Enterprises>	674
<http://yago-knowledge.org/resource/Points_of_Light>	675
<http://yago-knowledge.org/resource/Polaroid_Corporation>	676
<http://yago-knowledge.org/resource/Polaroid_Eyewear>	677
<http://yago-knowledge.org/resource/Population_Council>	678
<http://yago-knowledge.org/resource/Portalarium>	679
<http://yago-knowledge.org/resource/Pratham>	680
<http://yago-knowledge.org/resource/Pratt_&_Whitney>	681
<http://yago-knowledge.org/resource/President's_Council_on_Sports,_Fitness,_and_Nutrition>	682
<http://yago-knowledge.org/resource/Prime_Computer>	683
<http://yago-knowledge.org/resource/Prison_Fellowship>	684
<http://yago-knowledge.org/resource/Prison_Fellowship_International>	685
<http://yago-knowledge.org/resource/Progressive_International>	686
<http://yago-knowledge.org/resource/Project_Reason>	687
<http://yago-knowledge.org/resource/Protocol_Entertainment>	688
<http://yago-knowledge.org/resource/Protozoa_Pictures>	689
<http://yago-knowledge.org/resource/Provincetown_Players>	690
<http://yago-knowledge.org/resource/Public_Citizen>	691
<http://yago-knowledge.org/resource/Public_Interest_Research_Group>	692
<http://yago-knowledge.org/resource/Publishers_Clearing_House>	693
<http://yago-knowledge.org/resource/Purdue_Pharma>	694
<http://yago-knowledge.org/resource/Purple_Moon>	695
<http://yago-knowledge.org/resource/QED_International>	696
<http://yago-knowledge.org/resource/Quadrangle_Group>	697
<http://yago-knowledge.org/resource/Qualcomm>	698
<http://yago-knowledge.org/resource/Quicken_Loans>	699
<http://yago-knowledge.org/resource/R20_Regions_of_Climate_Action>	700
<http://yago-knowledge.org/resource/RAND_Corporation>	701
<http://yago-knowledge.org/resource/RKO_Pictures>	702
<http://yago-knowledge.org/resource/RPG_Group>	703
<http://yago-knowledge.org/resource/RSA_Security>	704
<http://yago-knowledge.org/resource/Radius_(hardware_company)>	705
<http://yago-knowledge.org/resource/Raindance_Foundation>	706
<http://yago-knowledge.org/resource/Raising_Malawi>	707
<http://yago-knowledge.org/resource/Rankin%2FBass_Productions>	708
<http://yago-knowledge.org/resource/RatPac-Dune_Entertainment>	709
<http://yago-knowledge.org/resource/Rathnavali_Balika_Vidyalaya,_Gampaha>	710
<http://yago-knowledge.org/resource/Raymour_&_Flanigan>	711
<http://yago-knowledge.org/resource/Raytheon>	712
<http://yago-knowledge.org/resource/Reading_Is_Fundamental>	713
<http://yago-knowledge.org/resource/Reclaiming_(Neopaganism)>	714
<http://yago-knowledge.org/resource/Red_Hat>	715
<http://yago-knowledge.org/resource/Reform_Party_of_the_United_States_of_America>	716
<http://yago-knowledge.org/resource/Relativity_Media>	717
<http://yago-knowledge.org/resource/Renaissance_Capital_(Russian_company)>	718
<http://yago-knowledge.org/resource/Renaissance_Pictures>	719
<http://yago-knowledge.org/resource/Renaissance_Technologies>	720
<http://yago-knowledge.org/resource/Rensselaer_Polytechnic_Institute>	721
<http://yago-knowledge.org/resource/Rescale>	722
<http://yago-knowledge.org/resource/Reynolds_Group_Holdings>	723
<http://yago-knowledge.org/resource/Right_To_Play>	724
<http://yago-knowledge.org/resource/Riordan,_Lewis_&_Haden>	725
<http://yago-knowledge.org/resource/Robert_Abel_and_Associates>	726
<http://yago-knowledge.org/resource/Robin_Hood_Foundation>	727
<http://yago-knowledge.org/resource/RockResorts>	728
<http://yago-knowledge.org/resource/Rock_Ventures>	729
<http://yago-knowledge.org/resource/Rockefeller_Brothers_Fund>	730
<http://yago-knowledge.org/resource/Rockefeller_Foundation>	731
<http://yago-knowledge.org/resource/Rogers_Stirk_Harbour_+_Partners>	732
<http://yago-knowledge.org/resource/Rooster_Teeth>	733
<http://yago-knowledge.org/resource/Rosewood_Hotels_&_Resorts>	734
<http://yago-knowledge.org/resource/Rotary_International>	735
<http://yago-knowledge.org/resource/Rowboat_Film-_und_Fernsehproduktion>	736
<http://yago-knowledge.org/resource/STX_Entertainment>	737
<http://yago-knowledge.org/resource/Salk_Institute_for_Biological_Studies>	738
<http://yago-knowledge.org/resource/Samuel_Goldwyn_Films>	739
<http://yago-knowledge.org/resource/Santa_Fe_Institute>	740
<http://yago-knowledge.org/resource/Save_the_Redwoods_League>	741
<http://yago-knowledge.org/resource/Saylor_Academy>	742
<http://yago-knowledge.org/resource/Scailex_Corporation>	743
<http://yago-knowledge.org/resource/Schmidt_Ocean_Institute>	744
<http://yago-knowledge.org/resource/Schneider's_Bakery>	745
<http://yago-knowledge.org/resource/Science_Society_of_China>	746
<http://yago-knowledge.org/resource/Scientific_Atlanta>	747
<http://yago-knowledge.org/resource/Scientific_Data_Systems>	748
<http://yago-knowledge.org/resource/Searchlight_Pictures>	749
<http://yago-knowledge.org/resource/Seizin_Press>	750
<http://yago-knowledge.org/resource/Senomyx>	751
<http://yago-knowledge.org/resource/Sequential_(company)>	752
<http://yago-knowledge.org/resource/Shackleton_Energy_Company>	753
<http://yago-knowledge.org/resource/Shady_Acres_Entertainment>	754
<http://yago-knowledge.org/resource/Shockley_Semiconductor_Laboratory>	755
<http://yago-knowledge.org/resource/Shrine_Catholic_High_School>	756
<http://yago-knowledge.org/resource/Sierra_Club>	757
<http://yago-knowledge.org/resource/Silver_Lake_Partners>	758
<http://yago-knowledge.org/resource/Simons_Foundation>	759
<http://yago-knowledge.org/resource/Sindhi_Language_Authority>	760
<http://yago-knowledge.org/resource/Singularity_University>	761
<http://yago-knowledge.org/resource/Sisters_in_Crime>	762
<http://yago-knowledge.org/resource/Six_Flags>	763
<http://yago-knowledge.org/resource/Skidmore,_Owings_&_Merrill>	764
<http://yago-knowledge.org/resource/Skoll_Foundation>	765
<http://yago-knowledge.org/resource/Skype_Technologies>	766
<http://yago-knowledge.org/resource/Sleepycat_Software>	767
<http://yago-knowledge.org/resource/Social_Security_Administration>	768
<http://yago-knowledge.org/resource/Socialist_Party_USA>	769
<http://yago-knowledge.org/resource/Society_for_Organizational_Learning>	770
<http://yago-knowledge.org/resource/Society_for_Social_Neuroscience>	771
<http://yago-knowledge.org/resource/Society_for_the_Diffusion_of_Useful_Knowledge>	772
<http://yago-knowledge.org/resource/Software_Arts>	773
<http://yago-knowledge.org/resource/Songza>	774
<http://yago-knowledge.org/resource/South_Dakota_Legislative_Research_Council>	775
<http://yago-knowledge.org/resource/South_End_Press>	776
<http://yago-knowledge.org/resource/Southern_Historical_Society>	777
<http://yago-knowledge.org/resource/Southwest_Airlines>	778
<http://yago-knowledge.org/resource/SpaceX>	779
<http://yago-knowledge.org/resource/Space_Studies_Institute>	780
<http://yago-knowledge.org/resource/Sparkman_&_Stephens>	781
<http://yago-knowledge.org/resource/Spectrum_7>	782
<http://yago-knowledge.org/resource/Sperry_Corporation>	783
<http://yago-knowledge.org/resource/Spiral_(arts_alliance)>	784
<http://yago-knowledge.org/resource/Sprague_Electric>	785
<http://yago-knowledge.org/resource/Square,_Inc.>	786
<http://yago-knowledge.org/resource/Sri_Rahula_College,_Kandy>	787
<http://yago-knowledge.org/resource/Srujanika>	788
<http://yago-knowledge.org/resource/Stanton_Foundation>	789
<http://yago-knowledge.org/resource/Star_Trak_Entertainment>	790
<http://yago-knowledge.org/resource/Starwave>	791
<http://yago-knowledge.org/resource/Steve_Reich_and_Musicians>	792
<http://yago-knowledge.org/resource/Stevenson_School>	793
<http://yago-knowledge.org/resource/StockX>	794
<http://yago-knowledge.org/resource/Stratfor>	795
<http://yago-knowledge.org/resource/Stratolaunch_Systems>	796
<http://yago-knowledge.org/resource/Strike_Entertainment>	797
<http://yago-knowledge.org/resource/StudentsFirst>	798
<http://yago-knowledge.org/resource/Students_for_the_Exploration_and_Development_of_Space>	799
<http://yago-knowledge.org/resource/Studio_4>	800
<http://yago-knowledge.org/resource/Studio_54>	801
<http://yago-knowledge.org/resource/Success_Academy_Charter_Schools>	802
<http://yago-knowledge.org/resource/Summit_Entertainment>	803
<http://yago-knowledge.org/resource/Sun_Microsystems>	804
<http://yago-knowledge.org/resource/Sustainable_South_Bronx>	805
<http://yago-knowledge.org/resource/Sutter_Hill_Ventures>	806
<http://yago-knowledge.org/resource/Systers>	807
<http://yago-knowledge.org/resource/TIBCO_Software>	808
<http://yago-knowledge.org/resource/TPG_Capital>	809
<http://yago-knowledge.org/resource/TSMC>	810
<http://yago-knowledge.org/resource/Taxila_Central_College,_Horana>	811
<http://yago-knowledge.org/resource/Teach_For_All>	812
<http://yago-knowledge.org/resource/Teach_For_America>	813
<http://yago-knowledge.org/resource/Teledyne_Technologies>	814
<http://yago-knowledge.org/resource/Tennessee_Valley_Authority>	815
<http://yago-knowledge.org/resource/TerraPower>	816
<http://yago-knowledge.org/resource/Tesla,_Inc.>	817
<http://yago-knowledge.org/resource/Tetra_Pak>	818
<http://yago-knowledge.org/resource/Texas_Freedom_Network>	819
<http://yago-knowledge.org/resource/Texas_Instruments>	820
<http://yago-knowledge.org/resource/The_American_Assembly>	821
<http://yago-knowledge.org/resource/The_Bank_of_New_York_Mellon>	822
<http://yago-knowledge.org/resource/The_Blackstone_Group>	823
<http://yago-knowledge.org/resource/The_Boring_Company>	824
<http://yago-knowledge.org/resource/The_Carlyle_Group>	825
<http://yago-knowledge.org/resource/The_Doug_Engelbart_Institute>	826
<http://yago-knowledge.org/resource/The_Filson_Historical_Society>	827
<http://yago-knowledge.org/resource/The_Geffen_Film_Company>	828
<http://yago-knowledge.org/resource/The_Giving_Pledge>	829
<http://yago-knowledge.org/resource/The_Glenlivet_distillery>	830
<http://yago-knowledge.org/resource/The_Henry_T._Nicholas_III_Foundation>	831
<http://yago-knowledge.org/resource/The_Heritage_Foundation>	832
<http://yago-knowledge.org/resource/The_Kennedy%2FMarshall_Company>	833
<http://yago-knowledge.org/resource/The_Kushner-Locke_Company>	834
<http://yago-knowledge.org/resource/The_Mirisch_Company>	835
<http://yago-knowledge.org/resource/The_Monroe_Institute>	836
<http://yago-knowledge.org/resource/The_New_Teacher_Project>	837
<http://yago-knowledge.org/resource/The_Open_Theater>	838
<http://yago-knowledge.org/resource/The_Peter_G._Peterson_Foundation>	839
<http://yago-knowledge.org/resource/The_Pew_Charitable_Trusts>	840
<http://yago-knowledge.org/resource/The_Planetary_Society>	841
<http://yago-knowledge.org/resource/The_Related_Companies>	842
<http://yago-knowledge.org/resource/The_Row_(fashion_label)>	843
<http://yago-knowledge.org/resource/The_Safran_Company>	844
<http://yago-knowledge.org/resource/The_Samuel_Goldwyn_Company>	845
<http://yago-knowledge.org/resource/The_Shoebox_Project_for_Shelters>	846
<http://yago-knowledge.org/resource/The_Vanguard_Group>	847
<http://yago-knowledge.org/resource/The_Way_of_Georgia>	848
<http://yago-knowledge.org/resource/Thinking_Machines_Corporation>	849
<http://yago-knowledge.org/resource/Third_World_Press>	850
<http://yago-knowledge.org/resource/Thomson-Houston_Electric_Company>	851
<http://yago-knowledge.org/resource/Thuzio>	852
<http://yago-knowledge.org/resource/Time_Inc.>	853
<http://yago-knowledge.org/resource/Time_Life>	854
<http://yago-knowledge.org/resource/Tinkoff_Bank>	855
<http://yago-knowledge.org/resource/Tishman_Speyer>	856
<http://yago-knowledge.org/resource/Tonton_Macoute>	857
<http://yago-knowledge.org/resource/Topix_(website)>	858
<http://yago-knowledge.org/resource/Tory_Burch_LLC>	859
<http://yago-knowledge.org/resource/Total_Intelligence_Solutions>	860
<http://yago-knowledge.org/resource/Transhumanist_Party>	861
<http://yago-knowledge.org/resource/Transparency_International>	862
<http://yago-knowledge.org/resource/Trellix>	863
<http://yago-knowledge.org/resource/TriStar_Productions>	864
<http://yago-knowledge.org/resource/Tribune_Content_Agency>	865
<http://yago-knowledge.org/resource/Trilateral_Commission>	866
<http://yago-knowledge.org/resource/Troma_Entertainment>	867
<http://yago-knowledge.org/resource/Troublemaker_Studios>	868
<http://yago-knowledge.org/resource/Trump_Entertainment_Resorts>	869
<http://yago-knowledge.org/resource/Trump_Home>	870
<http://yago-knowledge.org/resource/Trump_Model_Management>	871
<http://yago-knowledge.org/resource/Trump_Mortgage>	872
<http://yago-knowledge.org/resource/Trump_University>	873
<http://yago-knowledge.org/resource/Truth_or_Dare_by_Madonna>	874
<http://yago-knowledge.org/resource/Turner_Broadcasting_System>	875
<http://yago-knowledge.org/resource/Turner_Broadcasting_System_Asia_Pacific>	876
<http://yago-knowledge.org/resource/Turner_Broadcasting_System_Europe>	877
<http://yago-knowledge.org/resource/Turner_Broadcasting_System_Latin_America>	878
<http://yago-knowledge.org/resource/Turner_Entertainment>	879
<http://yago-knowledge.org/resource/U.S.-Azerbaijan_Chamber_of_Commerce>	880
<http://yago-knowledge.org/resource/U.S._Securities_and_Exchange_Commission>	881
<http://yago-knowledge.org/resource/U2_Clothing>	882
<http://yago-knowledge.org/resource/UFO_Club>	883
<http://yago-knowledge.org/resource/UNCF>	884
<http://yago-knowledge.org/resource/UPA_(animation_studio)>	885
<http://yago-knowledge.org/resource/Union_Party_(United_States)>	886
<http://yago-knowledge.org/resource/Union_of_Concerned_Scientists>	887
<http://yago-knowledge.org/resource/United_Aircraft>	888
<http://yago-knowledge.org/resource/United_Aircraft_and_Transport_Corporation>	889
<http://yago-knowledge.org/resource/United_Artists>	890
<http://yago-knowledge.org/resource/United_National_Movement_(Georgia)>	891
<http://yago-knowledge.org/resource/United_Nations_Information_and_Communication_Technologies_Task_Force>	892
<http://yago-knowledge.org/resource/United_Rentals>	893
<http://yago-knowledge.org/resource/United_States_Agency_for_International_Development>	894
<http://yago-knowledge.org/resource/United_States_Bureau_of_Reclamation>	895
<http://yago-knowledge.org/resource/United_States_Coast_Guard>	896
<http://yago-knowledge.org/resource/United_States_Department_of_Agriculture>	897
<http://yago-knowledge.org/resource/United_States_Department_of_Commerce_and_Labor>	898
<http://yago-knowledge.org/resource/United_States_Department_of_Education>	899
<http://yago-knowledge.org/resource/United_States_Department_of_Energy>	900
<http://yago-knowledge.org/resource/United_States_Forest_Service>	901
<http://yago-knowledge.org/resource/United_States_Marine_Corps>	902
<http://yago-knowledge.org/resource/United_States_Naval_Academy>	903
<http://yago-knowledge.org/resource/United_States_Navy_SEALs>	904
<http://yago-knowledge.org/resource/United_Technologies>	905
<http://yago-knowledge.org/resource/University_of_North_Carolina_at_Chapel_Hill>	906
<http://yago-knowledge.org/resource/University_of_Pennsylvania>	907
<http://yago-knowledge.org/resource/Utility_Stores_Corporation>	908
<http://yago-knowledge.org/resource/VMware>	909
<http://yago-knowledge.org/resource/Veeam>	910
<http://yago-knowledge.org/resource/Ventana_Medical_Systems>	911
<http://yago-knowledge.org/resource/Venture_for_America>	912
<http://yago-knowledge.org/resource/Vertica>	913
<http://yago-knowledge.org/resource/Viking_(automobile)>	914
<http://yago-knowledge.org/resource/Vintage_Books>	915
<http://yago-knowledge.org/resource/Viplavakari_Lanka_Sama_Samaja_Party>	916
<http://yago-knowledge.org/resource/Volt_Europa>	917
<http://yago-knowledge.org/resource/Vought>	918
<http://yago-knowledge.org/resource/Vulcan_Productions>	919
<http://yago-knowledge.org/resource/WL_Ross_&_Co>	920
<http://yago-knowledge.org/resource/Walker_Digital>	921
<http://yago-knowledge.org/resource/Wellcome_Centre_for_Human_Genetics>	922
<http://yago-knowledge.org/resource/Whig_Party_(United_States)>	923
<http://yago-knowledge.org/resource/White_Panther_Party>	924
<http://yago-knowledge.org/resource/Whole_Foods_Market>	925
<http://yago-knowledge.org/resource/WildStorm>	926
<http://yago-knowledge.org/resource/Wildcoast>	927
<http://yago-knowledge.org/resource/William_Alanson_White_Institute>	928
<http://yago-knowledge.org/resource/Wizards_of_the_Coast>	929
<http://yago-knowledge.org/resource/Wonderland_Sound_and_Vision>	930
<http://yago-knowledge.org/resource/World_Championship_Wrestling>	931
<http://yago-knowledge.org/resource/World_Knowledge_Forum>	932
<http://yago-knowledge.org/resource/Wright_Aeronautical>	933
<http://yago-knowledge.org/resource/Writers'_Trust_of_Canada>	934
<http://yago-knowledge.org/resource/Wynn_Resorts>	935
<http://yago-knowledge.org/resource/Y_Combinator>	936
<http://yago-knowledge.org/resource/Yale_School_of_Medicine>	937
<http://yago-knowledge.org/resource/Yamasaki_&_Associates>	938
<http://yago-knowledge.org/resource/Yankee_Global_Enterprises>	939
<http://yago-knowledge.org/resource/Young_African_Leaders_Initiative>	940
<http://yago-knowledge.org/resource/Youth_Public_Chamber_of_Russia>	941
<http://yago-knowledge.org/resource/Zealot_Networks>	942
<http://yago-knowledge.org/resource/Zero_Gravity_Corporation>	943
<http://yago-knowledge.org/resource/Zip2>	944
<http://yago-knowledge.org/resource/Zuffa>	945
