<http://yago-knowledge.org/resource/A_Cellarful_of_Noise>	0
<http://yago-knowledge.org/resource/Angel_Island_(novel)>	1
<http://yago-knowledge.org/resource/Are_You_Afraid_of_the_Dark%3F_(novel)>	2
<http://yago-knowledge.org/resource/Beyond_the_Black_Stump>	3
<http://yago-knowledge.org/resource/Blessed_Is_the_Fruit>	4
<http://yago-knowledge.org/resource/Bloodline_(Sheldon_novel)>	5
<http://yago-knowledge.org/resource/Chicago_Poems>	6
<http://yago-knowledge.org/resource/Crown_of_Horns_(comic)>	7
<http://yago-knowledge.org/resource/Digger_T._Rock>	8
<http://yago-knowledge.org/resource/Dusty_Answer>	9
<http://yago-knowledge.org/resource/Ecotopia>	10
<http://yago-knowledge.org/resource/Every_Day_is_Mother's_Day>	11
<http://yago-knowledge.org/resource/Eyes_of_the_Storm>	12
<http://yago-knowledge.org/resource/First_Draft_of_a_Report_on_the_EDVAC>	13
<http://yago-knowledge.org/resource/Forbes_Corporate_Warrior>	14
<http://yago-knowledge.org/resource/Ghost_Circles>	15
<http://yago-knowledge.org/resource/Jordan_vs._Bird:_One_on_One>	16
<http://yago-knowledge.org/resource/Letters_of_Insurgents>	17
<http://yago-knowledge.org/resource/Lonely_Road_(novel)>	18
<http://yago-knowledge.org/resource/Memories_of_Midnight>	19
<http://yago-knowledge.org/resource/Morning,_Noon_and_Night_(novel)>	20
<http://yago-knowledge.org/resource/Old_Man's_Cave>	21
<http://yago-knowledge.org/resource/On_the_Yankee_Station>	22
<http://yago-knowledge.org/resource/One_Hour_One_Life>	23
<http://yago-knowledge.org/resource/Operation_(game)>	24
<http://yago-knowledge.org/resource/Passage_(video_game)>	25
<http://yago-knowledge.org/resource/Race_America>	26
<http://yago-knowledge.org/resource/Rage_of_Angels>	27
<http://yago-knowledge.org/resource/Reamde>	28
<http://yago-knowledge.org/resource/Rock_Jaw:_Master_of_the_Eastern_Border>	29
<http://yago-knowledge.org/resource/Seveneves>	30
<http://yago-knowledge.org/resource/So_Far_from_the_Bamboo_Grove>	31
<http://yago-knowledge.org/resource/Space_Crusade>	32
<http://yago-knowledge.org/resource/Studies_in_Classic_American_Literature>	33
<http://yago-knowledge.org/resource/Tell_Me_Your_Dreams>	34
<http://yago-knowledge.org/resource/The_Best_Laid_Plans>	35
<http://yago-knowledge.org/resource/The_Big_Sky_(novel)>	36
<http://yago-knowledge.org/resource/The_Castle_Doctrine>	37
<http://yago-knowledge.org/resource/The_Commissar_Vanishes>	38
<http://yago-knowledge.org/resource/The_Dice_Man>	39
<http://yago-knowledge.org/resource/The_Doomsday_Conspiracy>	40
<http://yago-knowledge.org/resource/The_Dragonslayer>	41
<http://yago-knowledge.org/resource/The_Great_Cow_Race>	42
<http://yago-knowledge.org/resource/The_Lost_Girl>	43
<http://yago-knowledge.org/resource/The_Naked_Face>	44
<http://yago-knowledge.org/resource/The_New_York_Times>	45
<http://yago-knowledge.org/resource/The_Other_Side_of_Midnight>	46
<http://yago-knowledge.org/resource/The_Sands_of_Time_(Sheldon_novel)>	47
<http://yago-knowledge.org/resource/The_Second_Angel>	48
<http://yago-knowledge.org/resource/The_Sky_Is_Falling_(Sheldon_novel)>	49
<http://yago-knowledge.org/resource/The_Stars_Shine_Down>	50
<http://yago-knowledge.org/resource/The_Towers_of_Silence>	51
<http://yago-knowledge.org/resource/The_Way_West>	52
<http://yago-knowledge.org/resource/The_Well_of_the_Unicorn>	53
<http://yago-knowledge.org/resource/The_Women_in_the_Castle>	54
<http://yago-knowledge.org/resource/Timbuktu_(novella)>	55
<http://yago-knowledge.org/resource/Treasure_Hunters_(comic)>	56
<http://yago-knowledge.org/resource/Wonderland_Revisited_and_the_Games_Alice_Played_There>	57
