activator	0
adduct	1
agonist	2
allosteric modulator	3
antagonist	4
antibody	5
antisense oligonucleotide	6
binder	7
binding	8
blocker	9
carrier	10
chaperone	11
chelator	12
cleavage	13
cofactor	14
component of	15
cross-linking/alkylation	16
degradation	17
disruptor	18
downregulator	19
gene replacement	20
inactivator	21
incorporation into and destabilization	22
inducer	23
inhibition of synthesis	24
inhibitor	25
inhibitory allosteric modulator	26
inhibits downstream inflammation cascades	27
intercalation	28
inverse agonist	29
ligand	30
metabolizer	31
modulator	32
multitarget	33
negative modulator	34
neutralizer	35
nucleotide exchange blocker	36
other	37
other/unknown	38
oxidizer	39
partial agonist	40
partial antagonist	41
positive allosteric modulator	42
potentiator	43
product of	44
protector	45
reducer	46
regulator	47
stabilization	48
stimulator	49
substrate	50
suppressor	51
translocation inhibitor	52
transporter	53
unknown	54
weak inhibitor	55
