ABCB1	0
ABCC2	1
ABCG2	2
ACE	3
ADRA1D	4
ADRB1	5
BLMH	6
CFTR	7
COMT	8
CP4F2	9
CREB1	10
CYP1A2	11
CYP1B1	12
CYP2B6	13
CYP2C19	14
CYP2C9	15
CYP2D6	16
CYP2E1	17
CYP3A4	18
CYP3A5	19
DPYD	20
DRD2	21
EGFR	22
ERBB2	23
F5	24
FCGR2A	25
FCGR3A	26
FLOT1	27
GNB3	28
GRIA3	29
GRIK2	30
GRIK4	31
GSTM1	32
GSTP1	33
HCP5	34
HLA-A	35
HLA-B	36
HLA-DQA1	37
HLA-DQB1	38
HLA-DRB1	39
HMGCR	40
HNRNPD	41
HSPA1A	42
HSPA1L	43
HTR1A	44
HTR2A	45
IFNL3	46
IKBKE	47
ITGB3	48
KCNH2	49
KIF6	50
LRP2	51
LTC4S	52
MLN	53
MTHFR	54
MUC21	55
NPPA	56
OPRM1	57
PICK1	58
RARG	59
RRM1	60
SCN1A	61
SEC14L3	62
SERPINC1	63
SLC28A3	64
SLC6A4	65
SLCO1B1	66
TBX21	67
TNXB	68
TPMT	69
TYMS	70
UGT1A1	71
UGT1A6	72
UGT1A7	73
VKORC1	74
XPC	75
