DBMET00001	0
DBMET00003	1
DBMET00004	2
DBMET00005	3
DBMET00006	4
DBMET00007	5
DBMET00008	6
DBMET00009	7
DBMET00010	8
DBMET00011	9
DBMET00012	10
DBMET00014	11
DBMET00015	12
DBMET00017	13
DBMET00019	14
DBMET00020	15
DBMET00021	16
DBMET00022	17
DBMET00023	18
DBMET00024	19
DBMET00025	20
DBMET00026	21
DBMET00027	22
DBMET00028	23
DBMET00029	24
DBMET00030	25
DBMET00032	26
DBMET00033	27
DBMET00034	28
DBMET00035	29
DBMET00036	30
DBMET00037	31
DBMET00038	32
DBMET00039	33
DBMET00040	34
DBMET00041	35
DBMET00042	36
DBMET00043	37
DBMET00044	38
DBMET00045	39
DBMET00046	40
DBMET00047	41
DBMET00048	42
DBMET00049	43
DBMET00051	44
DBMET00052	45
DBMET00053	46
DBMET00055	47
DBMET00056	48
DBMET00057	49
DBMET00060	50
DBMET00061	51
DBMET00062	52
DBMET00063	53
DBMET00064	54
DBMET00068	55
DBMET00069	56
DBMET00070	57
DBMET00071	58
DBMET00072	59
DBMET00074	60
DBMET00075	61
DBMET00076	62
DBMET00077	63
DBMET00078	64
DBMET00079	65
DBMET00080	66
DBMET00081	67
DBMET00082	68
DBMET00083	69
DBMET00084	70
DBMET00085	71
DBMET00086	72
DBMET00087	73
DBMET00088	74
DBMET00089	75
DBMET00091	76
DBMET00092	77
DBMET00093	78
DBMET00094	79
DBMET00095	80
DBMET00096	81
DBMET00097	82
DBMET00098	83
DBMET00099	84
DBMET00100	85
DBMET00101	86
DBMET00102	87
DBMET00103	88
DBMET00104	89
DBMET00105	90
DBMET00106	91
DBMET00107	92
DBMET00108	93
DBMET00109	94
DBMET00110	95
DBMET00111	96
DBMET00112	97
DBMET00115	98
DBMET00116	99
DBMET00117	100
DBMET00118	101
DBMET00119	102
DBMET00120	103
DBMET00122	104
DBMET00123	105
DBMET00124	106
DBMET00125	107
DBMET00126	108
DBMET00131	109
DBMET00132	110
DBMET00133	111
DBMET00134	112
DBMET00135	113
DBMET00137	114
DBMET00138	115
DBMET00139	116
DBMET00140	117
DBMET00141	118
DBMET00142	119
DBMET00143	120
DBMET00144	121
DBMET00145	122
DBMET00146	123
DBMET00148	124
DBMET00149	125
DBMET00150	126
DBMET00151	127
DBMET00152	128
DBMET00153	129
DBMET00154	130
DBMET00155	131
DBMET00156	132
DBMET00157	133
DBMET00158	134
DBMET00159	135
DBMET00161	136
DBMET00162	137
DBMET00163	138
DBMET00164	139
DBMET00165	140
DBMET00166	141
DBMET00167	142
DBMET00169	143
DBMET00170	144
DBMET00171	145
DBMET00172	146
DBMET00173	147
DBMET00174	148
DBMET00175	149
DBMET00176	150
DBMET00179	151
DBMET00181	152
DBMET00182	153
DBMET00184	154
DBMET00185	155
DBMET00186	156
DBMET00187	157
DBMET00188	158
DBMET00189	159
DBMET00193	160
DBMET00194	161
DBMET00196	162
DBMET00197	163
DBMET00198	164
DBMET00199	165
DBMET00202	166
DBMET00203	167
DBMET00204	168
DBMET00206	169
DBMET00213	170
DBMET00214	171
DBMET00215	172
DBMET00218	173
DBMET00219	174
DBMET00222	175
DBMET00223	176
DBMET00225	177
DBMET00226	178
DBMET00227	179
DBMET00228	180
DBMET00229	181
DBMET00230	182
DBMET00231	183
DBMET00232	184
DBMET00233	185
DBMET00234	186
DBMET00235	187
DBMET00236	188
DBMET00237	189
DBMET00238	190
DBMET00240	191
DBMET00241	192
DBMET00242	193
DBMET00243	194
DBMET00244	195
DBMET00245	196
DBMET00246	197
DBMET00247	198
DBMET00248	199
DBMET00249	200
DBMET00250	201
DBMET00251	202
DBMET00252	203
DBMET00253	204
DBMET00254	205
DBMET00255	206
DBMET00256	207
DBMET00257	208
DBMET00258	209
DBMET00259	210
DBMET00260	211
DBMET00261	212
DBMET00262	213
DBMET00263	214
DBMET00264	215
DBMET00265	216
DBMET00267	217
DBMET00268	218
DBMET00269	219
DBMET00270	220
DBMET00271	221
DBMET00272	222
DBMET00273	223
DBMET00277	224
DBMET00278	225
DBMET00280	226
DBMET00281	227
DBMET00282	228
DBMET00285	229
DBMET00286	230
DBMET00287	231
DBMET00289	232
DBMET00290	233
DBMET00291	234
DBMET00292	235
DBMET00293	236
DBMET00294	237
DBMET00295	238
DBMET00296	239
DBMET00297	240
DBMET00298	241
DBMET00299	242
DBMET00300	243
DBMET00301	244
DBMET00302	245
DBMET00303	246
DBMET00304	247
DBMET00306	248
DBMET00307	249
DBMET00308	250
DBMET00309	251
DBMET00310	252
DBMET00311	253
DBMET00312	254
DBMET00313	255
DBMET00314	256
DBMET00315	257
DBMET00316	258
DBMET00318	259
DBMET00319	260
DBMET00320	261
DBMET00321	262
DBMET00322	263
DBMET00323	264
DBMET00324	265
DBMET00326	266
DBMET00327	267
DBMET00328	268
DBMET00329	269
DBMET00330	270
DBMET00332	271
DBMET00333	272
DBMET00335	273
DBMET00338	274
DBMET00340	275
DBMET00341	276
DBMET00342	277
DBMET00343	278
DBMET00344	279
DBMET00345	280
DBMET00346	281
DBMET00347	282
DBMET00348	283
DBMET00349	284
DBMET00350	285
DBMET00351	286
DBMET00352	287
DBMET00354	288
DBMET00355	289
DBMET00356	290
DBMET00357	291
DBMET00358	292
DBMET00359	293
DBMET00360	294
DBMET00363	295
DBMET00364	296
DBMET00366	297
DBMET00367	298
DBMET00368	299
DBMET00369	300
DBMET00371	301
DBMET00372	302
DBMET00373	303
DBMET00374	304
DBMET00375	305
DBMET00376	306
DBMET00377	307
DBMET00378	308
DBMET00379	309
DBMET00380	310
DBMET00381	311
DBMET00382	312
DBMET00383	313
DBMET00384	314
DBMET00385	315
DBMET00386	316
DBMET00387	317
DBMET00388	318
DBMET00389	319
DBMET00390	320
DBMET00391	321
DBMET00392	322
DBMET00394	323
DBMET00395	324
DBMET00396	325
DBMET00397	326
DBMET00398	327
DBMET00399	328
DBMET00401	329
DBMET00402	330
DBMET00406	331
DBMET00407	332
DBMET00411	333
DBMET00412	334
DBMET00413	335
DBMET00415	336
DBMET00419	337
DBMET00420	338
DBMET00421	339
DBMET00424	340
DBMET00425	341
DBMET00426	342
DBMET00427	343
DBMET00428	344
DBMET00429	345
DBMET00430	346
DBMET00431	347
DBMET00432	348
DBMET00433	349
DBMET00434	350
DBMET00435	351
DBMET00436	352
DBMET00437	353
DBMET00438	354
DBMET00443	355
DBMET00444	356
DBMET00446	357
DBMET00448	358
DBMET00449	359
DBMET00450	360
DBMET00451	361
DBMET00453	362
DBMET00454	363
DBMET00455	364
DBMET00457	365
DBMET00458	366
DBMET00459	367
DBMET00460	368
DBMET00462	369
DBMET00463	370
DBMET00464	371
DBMET00465	372
DBMET00466	373
DBMET00467	374
DBMET00468	375
DBMET00469	376
DBMET00470	377
DBMET00471	378
DBMET00472	379
DBMET00473	380
DBMET00474	381
DBMET00475	382
DBMET00476	383
DBMET00477	384
DBMET00478	385
DBMET00479	386
DBMET00480	387
DBMET00482	388
DBMET00483	389
DBMET00485	390
DBMET00488	391
DBMET00490	392
DBMET00491	393
DBMET00493	394
DBMET00496	395
DBMET00498	396
DBMET00499	397
DBMET00503	398
DBMET00506	399
DBMET00507	400
DBMET00516	401
DBMET00517	402
DBMET00519	403
DBMET00524	404
DBMET00527	405
DBMET00528	406
DBMET00530	407
DBMET00531	408
DBMET00533	409
DBMET00536	410
DBMET00540	411
DBMET00558	412
DBMET00560	413
DBMET00562	414
DBMET00567	415
DBMET00568	416
DBMET00572	417
DBMET00580	418
DBMET00583	419
DBMET00591	420
DBMET00595	421
DBMET00596	422
DBMET00600	423
DBMET00606	424
DBMET00608	425
DBMET00611	426
DBMET00612	427
DBMET00619	428
DBMET00624	429
DBMET00627	430
DBMET00630	431
DBMET00647	432
DBMET00650	433
DBMET00651	434
DBMET00653	435
DBMET00656	436
DBMET00657	437
DBMET00660	438
DBMET00662	439
DBMET00676	440
DBMET00682	441
DBMET00684	442
DBMET00688	443
DBMET00693	444
DBMET00694	445
DBMET00703	446
DBMET00704	447
DBMET00710	448
DBMET00723	449
DBMET00724	450
DBMET00727	451
DBMET00733	452
DBMET00734	453
DBMET00737	454
DBMET00746	455
DBMET00753	456
DBMET00754	457
DBMET00762	458
DBMET00764	459
DBMET00767	460
DBMET00769	461
DBMET00771	462
DBMET00772	463
DBMET00774	464
DBMET00777	465
DBMET00780	466
DBMET00784	467
DBMET00785	468
DBMET00789	469
DBMET00806	470
DBMET00808	471
DBMET00810	472
DBMET00813	473
DBMET00818	474
DBMET00835	475
DBMET00843	476
DBMET00846	477
DBMET00847	478
DBMET00853	479
DBMET00857	480
DBMET00858	481
DBMET00859	482
DBMET00866	483
DBMET00872	484
DBMET00873	485
DBMET00889	486
DBMET00894	487
DBMET00895	488
DBMET00896	489
DBMET00913	490
DBMET00916	491
DBMET00917	492
DBMET00918	493
DBMET00919	494
DBMET00920	495
DBMET00924	496
DBMET00925	497
DBMET00940	498
DBMET00954	499
DBMET00957	500
DBMET00962	501
DBMET00964	502
DBMET00966	503
DBMET00970	504
DBMET00988	505
DBMET00989	506
DBMET00990	507
DBMET00991	508
DBMET00992	509
DBMET00995	510
DBMET01001	511
DBMET01009	512
DBMET01010	513
DBMET01012	514
DBMET01020	515
DBMET01042	516
DBMET01044	517
DBMET01048	518
DBMET01051	519
DBMET01052	520
DBMET01054	521
DBMET01055	522
DBMET01061	523
DBMET01062	524
DBMET01067	525
DBMET01069	526
DBMET01076	527
DBMET01087	528
DBMET01088	529
DBMET01092	530
DBMET01093	531
DBMET01094	532
DBMET01097	533
DBMET01098	534
DBMET01101	535
DBMET01103	536
DBMET01114	537
DBMET01122	538
DBMET01123	539
DBMET01124	540
DBMET01141	541
DBMET01143	542
DBMET01145	543
DBMET01146	544
DBMET01151	545
DBMET01152	546
DBMET01153	547
DBMET01158	548
DBMET01160	549
DBMET01161	550
DBMET01162	551
DBMET01163	552
DBMET01165	553
DBMET01171	554
DBMET01172	555
DBMET01174	556
DBMET01175	557
DBMET01176	558
DBMET01177	559
DBMET01178	560
DBMET01179	561
DBMET01182	562
DBMET01183	563
DBMET01188	564
DBMET01193	565
DBMET01194	566
DBMET01195	567
DBMET01196	568
DBMET01197	569
DBMET01198	570
DBMET01199	571
DBMET01200	572
DBMET01203	573
DBMET01204	574
DBMET01205	575
DBMET01206	576
DBMET01208	577
DBMET01209	578
DBMET01210	579
DBMET01212	580
DBMET01234	581
DBMET01236	582
DBMET01238	583
DBMET01239	584
DBMET01244	585
DBMET01245	586
DBMET01246	587
DBMET01247	588
DBMET01248	589
DBMET01249	590
DBMET01251	591
DBMET01255	592
DBMET01258	593
DBMET01259	594
DBMET01260	595
DBMET01261	596
DBMET01262	597
DBMET01263	598
DBMET01264	599
DBMET01265	600
DBMET01271	601
DBMET01272	602
DBMET01273	603
DBMET01274	604
DBMET01277	605
DBMET01278	606
DBMET01279	607
DBMET01280	608
DBMET01281	609
DBMET01283	610
DBMET01286	611
DBMET01289	612
DBMET01291	613
DBMET01294	614
DBMET01297	615
DBMET01301	616
DBMET01303	617
DBMET01304	618
DBMET01305	619
DBMET01306	620
DBMET01311	621
DBMET01313	622
DBMET01314	623
DBMET01315	624
DBMET01316	625
DBMET01318	626
DBMET01319	627
DBMET01321	628
DBMET01323	629
DBMET01325	630
DBMET01326	631
DBMET01327	632
DBMET01329	633
DBMET01330	634
DBMET01331	635
DBMET01332	636
DBMET01333	637
DBMET01334	638
DBMET01335	639
DBMET01336	640
DBMET01337	641
DBMET01339	642
DBMET01343	643
DBMET01344	644
DBMET01345	645
DBMET01347	646
DBMET01348	647
DBMET01349	648
DBMET01350	649
DBMET01372	650
DBMET01373	651
DBMET01374	652
DBMET01375	653
DBMET01376	654
DBMET01379	655
DBMET01380	656
DBMET01381	657
DBMET01382	658
DBMET01383	659
DBMET01385	660
DBMET01386	661
DBMET01387	662
DBMET01388	663
DBMET01389	664
DBMET01390	665
DBMET01391	666
DBMET01392	667
DBMET01398	668
DBMET01399	669
DBMET01400	670
DBMET01403	671
DBMET01404	672
DBMET01405	673
DBMET01407	674
DBMET01421	675
DBMET01422	676
DBMET01425	677
DBMET01429	678
DBMET01433	679
DBMET01440	680
DBMET01441	681
DBMET01443	682
DBMET01444	683
DBMET01445	684
DBMET01446	685
DBMET01447	686
DBMET01450	687
DBMET01455	688
DBMET01456	689
DBMET01457	690
DBMET01458	691
DBMET01461	692
DBMET01472	693
DBMET01476	694
DBMET01477	695
DBMET01478	696
DBMET01479	697
DBMET01480	698
DBMET01481	699
DBMET01482	700
DBMET01494	701
DBMET01498	702
DBMET01502	703
DBMET01513	704
DBMET01532	705
DBMET01533	706
DBMET01534	707
DBMET01542	708
DBMET01543	709
DBMET01544	710
DBMET01545	711
DBMET01546	712
DBMET01547	713
DBMET01548	714
DBMET01549	715
DBMET01550	716
DBMET01551	717
DBMET01552	718
DBMET01553	719
DBMET01554	720
DBMET01556	721
DBMET01557	722
DBMET01558	723
DBMET01559	724
DBMET01560	725
DBMET01561	726
DBMET01562	727
DBMET01565	728
DBMET01566	729
DBMET01567	730
DBMET01568	731
DBMET01570	732
DBMET01571	733
DBMET01572	734
DBMET01573	735
DBMET01574	736
DBMET01575	737
DBMET01576	738
DBMET01577	739
DBMET01579	740
DBMET01580	741
DBMET01581	742
DBMET01582	743
DBMET01583	744
DBMET01585	745
DBMET01586	746
DBMET01587	747
DBMET01588	748
DBMET01589	749
DBMET01590	750
DBMET01591	751
DBMET01592	752
DBMET01593	753
DBMET01594	754
DBMET01595	755
DBMET01596	756
DBMET01597	757
DBMET01598	758
DBMET01599	759
DBMET01600	760
DBMET01601	761
DBMET01602	762
DBMET01603	763
DBMET01604	764
DBMET01605	765
DBMET01606	766
DBMET01607	767
DBMET01608	768
DBMET01609	769
DBMET01610	770
DBMET01611	771
DBMET01612	772
DBMET01613	773
DBMET01614	774
DBMET01615	775
DBMET01616	776
DBMET01617	777
DBMET01618	778
DBMET01619	779
DBMET01620	780
DBMET01621	781
DBMET01622	782
DBMET01625	783
DBMET01626	784
DBMET01627	785
DBMET01628	786
DBMET01629	787
DBMET01630	788
DBMET01631	789
DBMET01632	790
DBMET01633	791
DBMET01634	792
DBMET01635	793
DBMET01636	794
DBMET01637	795
DBMET01638	796
DBMET01639	797
DBMET01640	798
DBMET01641	799
DBMET01642	800
DBMET01643	801
DBMET01644	802
DBMET01645	803
DBMET01649	804
DBMET01651	805
DBMET01652	806
DBMET01653	807
DBMET01654	808
DBMET01655	809
DBMET01656	810
DBMET01657	811
DBMET01658	812
DBMET01659	813
DBMET01660	814
DBMET01661	815
DBMET01662	816
DBMET01663	817
DBMET01664	818
DBMET01665	819
DBMET01666	820
DBMET01667	821
DBMET01668	822
DBMET01669	823
DBMET01670	824
DBMET01671	825
DBMET01672	826
DBMET01673	827
DBMET01676	828
DBMET01677	829
DBMET01678	830
DBMET01679	831
DBMET01680	832
DBMET01681	833
DBMET01682	834
DBMET01683	835
DBMET01684	836
DBMET01685	837
DBMET01686	838
DBMET01687	839
DBMET01688	840
DBMET01689	841
DBMET01690	842
DBMET01691	843
DBMET01692	844
DBMET01693	845
DBMET01694	846
DBMET01695	847
DBMET01696	848
DBMET01697	849
DBMET01698	850
DBMET01699	851
DBMET01700	852
DBMET01701	853
DBMET01702	854
DBMET01703	855
DBMET01704	856
DBMET01705	857
DBMET01706	858
DBMET01707	859
DBMET01708	860
DBMET01709	861
DBMET01712	862
DBMET01713	863
DBMET01714	864
DBMET01715	865
DBMET01716	866
DBMET01717	867
DBMET01718	868
DBMET01720	869
DBMET01721	870
DBMET01722	871
DBMET01727	872
DBMET01728	873
DBMET01729	874
DBMET01730	875
DBMET01731	876
DBMET01732	877
DBMET01733	878
DBMET01734	879
DBMET01736	880
DBMET01737	881
DBMET01738	882
DBMET01739	883
DBMET01740	884
DBMET01741	885
DBMET01742	886
DBMET01743	887
DBMET01744	888
DBMET01745	889
DBMET01746	890
DBMET01747	891
DBMET01748	892
DBMET01749	893
DBMET01750	894
DBMET01751	895
DBMET01752	896
DBMET01753	897
DBMET01754	898
DBMET01755	899
DBMET01756	900
DBMET01757	901
DBMET01759	902
DBMET01760	903
DBMET01761	904
DBMET01762	905
DBMET01763	906
DBMET01764	907
DBMET01765	908
DBMET01766	909
DBMET01767	910
DBMET01768	911
DBMET01769	912
DBMET01770	913
DBMET01771	914
DBMET01775	915
DBMET01776	916
DBMET01777	917
DBMET01778	918
DBMET01780	919
DBMET01781	920
DBMET01782	921
DBMET01783	922
DBMET01784	923
DBMET01785	924
DBMET01786	925
DBMET01787	926
DBMET01788	927
DBMET01789	928
DBMET01790	929
DBMET01791	930
DBMET01792	931
DBMET01793	932
DBMET01794	933
DBMET01795	934
DBMET01796	935
DBMET01797	936
DBMET01798	937
DBMET01799	938
DBMET01800	939
DBMET01801	940
DBMET01802	941
DBMET01803	942
DBMET01804	943
DBMET01805	944
DBMET01806	945
DBMET01807	946
DBMET01808	947
DBMET01809	948
DBMET01810	949
DBMET01811	950
DBMET01812	951
DBMET01813	952
DBMET01814	953
DBMET01815	954
DBMET01816	955
DBMET01818	956
DBMET01819	957
DBMET01820	958
DBMET01821	959
DBMET01822	960
DBMET01823	961
DBMET01824	962
DBMET01825	963
DBMET01826	964
DBMET01828	965
DBMET01830	966
DBMET01831	967
DBMET01832	968
DBMET01833	969
DBMET01834	970
DBMET01835	971
DBMET01836	972
DBMET01837	973
DBMET01838	974
DBMET01839	975
DBMET01840	976
DBMET01841	977
DBMET01842	978
DBMET01843	979
DBMET01844	980
DBMET01845	981
DBMET01846	982
DBMET01847	983
DBMET01849	984
DBMET01850	985
DBMET01851	986
DBMET01852	987
DBMET01857	988
DBMET01858	989
DBMET01860	990
DBMET01863	991
DBMET01864	992
DBMET01865	993
DBMET01866	994
DBMET01867	995
DBMET01868	996
DBMET01870	997
DBMET01871	998
DBMET01872	999
DBMET01883	1000
DBMET01884	1001
DBMET01885	1002
DBMET01886	1003
DBMET01887	1004
DBMET01888	1005
DBMET01889	1006
DBMET01890	1007
DBMET01891	1008
DBMET01892	1009
DBMET01893	1010
DBMET01894	1011
DBMET01895	1012
DBMET01896	1013
DBMET01899	1014
DBMET01900	1015
DBMET01901	1016
DBMET01902	1017
DBMET01903	1018
DBMET01907	1019
DBMET01908	1020
DBMET01910	1021
DBMET01911	1022
DBMET01912	1023
DBMET01913	1024
DBMET01914	1025
DBMET01915	1026
DBMET01923	1027
DBMET01963	1028
DBMET01964	1029
DBMET01965	1030
DBMET01966	1031
DBMET01967	1032
DBMET01968	1033
DBMET01969	1034
DBMET01970	1035
DBMET01971	1036
DBMET01974	1037
DBMET01975	1038
DBMET01976	1039
DBMET01977	1040
DBMET01978	1041
DBMET01979	1042
DBMET01980	1043
DBMET01982	1044
DBMET01983	1045
DBMET01984	1046
DBMET01985	1047
DBMET01986	1048
DBMET01987	1049
DBMET01988	1050
DBMET01989	1051
DBMET01990	1052
DBMET01991	1053
DBMET01992	1054
DBMET01993	1055
DBMET01994	1056
DBMET01995	1057
DBMET01996	1058
DBMET01997	1059
DBMET01998	1060
DBMET02001	1061
DBMET02002	1062
DBMET02003	1063
DBMET02004	1064
DBMET02005	1065
DBMET02006	1066
DBMET02010	1067
DBMET02011	1068
DBMET02014	1069
DBMET02015	1070
DBMET02029	1071
DBMET02031	1072
DBMET02032	1073
DBMET02034	1074
DBMET02043	1075
DBMET02044	1076
DBMET02045	1077
DBMET02047	1078
DBMET02053	1079
DBMET02058	1080
DBMET02062	1081
DBMET02068	1082
DBMET02069	1083
DBMET02070	1084
DBMET02071	1085
DBMET02072	1086
DBMET02086	1087
DBMET02087	1088
DBMET02089	1089
DBMET02092	1090
DBMET02094	1091
DBMET02095	1092
DBMET02096	1093
DBMET02097	1094
DBMET02102	1095
DBMET02103	1096
DBMET02104	1097
DBMET02105	1098
DBMET02109	1099
DBMET02111	1100
DBMET02112	1101
DBMET02113	1102
DBMET02114	1103
DBMET02115	1104
DBMET02118	1105
DBMET02119	1106
DBMET02120	1107
DBMET02121	1108
DBMET02125	1109
DBMET02126	1110
DBMET02127	1111
DBMET02133	1112
DBMET02134	1113
DBMET02135	1114
DBMET02136	1115
DBMET02141	1116
DBMET02142	1117
DBMET02143	1118
DBMET02144	1119
DBMET02165	1120
DBMET02166	1121
DBMET02167	1122
DBMET02185	1123
DBMET02186	1124
DBMET02187	1125
DBMET02190	1126
DBMET02192	1127
DBMET02193	1128
DBMET02197	1129
DBMET02208	1130
DBMET02209	1131
DBMET02217	1132
DBMET02218	1133
DBMET02219	1134
DBMET02220	1135
DBMET02221	1136
DBMET02223	1137
DBMET02224	1138
DBMET02225	1139
DBMET02226	1140
DBMET02231	1141
DBMET02232	1142
DBMET02233	1143
DBMET02235	1144
DBMET02236	1145
DBMET02237	1146
DBMET02239	1147
DBMET02240	1148
DBMET02242	1149
DBMET02244	1150
DBMET02245	1151
DBMET02249	1152
DBMET02250	1153
DBMET02252	1154
DBMET02254	1155
DBMET02262	1156
DBMET02264	1157
DBMET02270	1158
DBMET02273	1159
DBMET02276	1160
DBMET02277	1161
DBMET02278	1162
DBMET02279	1163
DBMET02286	1164
DBMET02292	1165
DBMET02293	1166
DBMET02295	1167
DBMET02296	1168
DBMET02297	1169
DBMET02298	1170
DBMET02299	1171
DBMET02303	1172
DBMET02304	1173
DBMET02305	1174
DBMET02308	1175
DBMET02309	1176
DBMET02310	1177
DBMET02314	1178
DBMET02315	1179
DBMET02316	1180
DBMET02318	1181
DBMET02327	1182
DBMET02328	1183
DBMET02329	1184
DBMET02330	1185
DBMET02331	1186
DBMET02332	1187
DBMET02333	1188
DBMET02363	1189
DBMET02364	1190
DBMET02365	1191
DBMET02366	1192
DBMET02371	1193
DBMET02372	1194
DBMET02374	1195
DBMET02375	1196
DBMET02376	1197
DBMET02377	1198
DBMET02378	1199
DBMET02379	1200
DBMET02380	1201
DBMET02381	1202
DBMET02382	1203
DBMET02398	1204
DBMET02400	1205
DBMET02401	1206
DBMET02402	1207
DBMET02417	1208
DBMET02418	1209
DBMET02419	1210
DBMET02420	1211
DBMET02421	1212
DBMET02422	1213
DBMET02423	1214
DBMET02429	1215
DBMET02434	1216
DBMET02435	1217
DBMET02436	1218
DBMET02437	1219
DBMET02438	1220
DBMET02440	1221
DBMET02441	1222
DBMET02442	1223
DBMET02443	1224
DBMET02444	1225
DBMET02445	1226
DBMET02448	1227
DBMET02449	1228
DBMET02480	1229
DBMET02486	1230
DBMET02488	1231
DBMET02489	1232
DBMET02490	1233
DBMET02491	1234
DBMET02503	1235
DBMET02504	1236
DBMET02505	1237
DBMET02521	1238
DBMET02522	1239
DBMET02523	1240
DBMET02524	1241
DBMET02527	1242
DBMET02560	1243
DBMET02573	1244
DBMET02574	1245
DBMET02575	1246
DBMET02576	1247
DBMET02577	1248
DBMET02578	1249
DBMET02579	1250
DBMET02580	1251
DBMET02581	1252
DBMET02589	1253
DBMET02590	1254
DBMET02594	1255
DBMET02595	1256
DBMET02598	1257
DBMET02606	1258
DBMET02607	1259
DBMET02608	1260
DBMET02609	1261
DBMET02610	1262
DBMET02613	1263
DBMET02619	1264
DBMET02622	1265
DBMET02623	1266
DBMET02624	1267
DBMET02650	1268
DBMET02652	1269
DBMET02653	1270
DBMET02654	1271
DBMET02663	1272
DBMET02679	1273
DBMET02684	1274
DBMET02685	1275
DBMET02688	1276
DBMET02689	1277
DBMET02690	1278
DBMET02693	1279
DBMET02700	1280
DBMET02702	1281
DBMET02704	1282
DBMET02714	1283
DBMET02718	1284
DBMET02722	1285
DBMET02737	1286
DBMET02738	1287
DBMET02739	1288
DBMET02740	1289
DBMET02741	1290
DBMET02756	1291
DBMET02757	1292
DBMET02758	1293
DBMET02765	1294
DBMET02768	1295
DBMET02771	1296
DBMET02774	1297
DBMET02777	1298
DBMET02779	1299
DBMET02781	1300
DBMET02782	1301
DBMET02783	1302
DBMET02784	1303
DBMET02787	1304
DBMET02788	1305
DBMET02790	1306
DBMET02791	1307
DBMET02792	1308
DBMET02793	1309
DBMET02794	1310
DBMET02796	1311
DBMET02797	1312
DBMET02798	1313
DBMET02799	1314
DBMET02802	1315
DBMET02809	1316
DBMET02810	1317
DBMET02811	1318
DBMET02812	1319
DBMET02825	1320
DBMET02826	1321
DBMET02827	1322
DBMET02835	1323
DBMET02837	1324
DBMET02838	1325
DBMET02839	1326
DBMET02840	1327
DBMET02841	1328
DBMET02842	1329
DBMET02843	1330
DBMET02844	1331
DBMET02847	1332
DBMET02865	1333
DBMET02866	1334
DBMET02876	1335
DBMET02877	1336
DBMET02891	1337
DBMET02892	1338
DBMET02893	1339
DBMET02894	1340
DBMET02895	1341
DBMET02896	1342
DBMET02897	1343
DBMET02898	1344
DBMET02899	1345
DBMET02900	1346
DBMET02901	1347
DBMET02916	1348
DBMET02919	1349
DBMET02921	1350
DBMET02922	1351
DBMET02924	1352
DBMET02925	1353
DBMET02927	1354
DBMET02928	1355
DBMET02929	1356
DBMET02930	1357
DBMET02931	1358
DBMET02933	1359
DBMET02934	1360
DBMET02936	1361
DBMET02937	1362
DBMET02943	1363
DBMET02944	1364
DBMET02945	1365
DBMET02948	1366
DBMET02949	1367
DBMET02955	1368
DBMET02956	1369
DBMET02957	1370
DBMET02958	1371
DBMET02959	1372
DBMET02960	1373
DBMET02964	1374
DBMET02965	1375
DBMET02966	1376
DBMET02967	1377
DBMET02968	1378
DBMET02977	1379
DBMET02978	1380
DBMET02980	1381
DBMET02981	1382
DBMET02982	1383
DBMET02983	1384
DBMET03007	1385
DBMET03010	1386
DBMET03016	1387
DBMET03018	1388
DBMET03019	1389
DBMET03020	1390
DBMET03021	1391
DBMET03022	1392
DBMET03023	1393
DBMET03024	1394
DBMET03025	1395
DBMET03026	1396
DBMET03027	1397
DBMET03028	1398
DBMET03029	1399
DBMET03030	1400
DBMET03031	1401
DBMET03032	1402
DBMET03033	1403
DBMET03042	1404
DBMET03043	1405
DBMET03044	1406
DBMET03045	1407
DBMET03046	1408
DBMET03047	1409
DBMET03051	1410
DBMET03052	1411
DBMET03053	1412
DBMET03054	1413
DBMET03055	1414
DBMET03056	1415
DBMET03057	1416
DBMET03065	1417
DBMET03066	1418
DBMET03067	1419
DBMET03068	1420
DBMET03080	1421
DBMET03081	1422
DBMET03082	1423
DBMET03083	1424
DBMET03088	1425
DBMET03090	1426
DBMET03091	1427
DBMET03092	1428
DBMET03094	1429
DBMET03095	1430
DBMET03096	1431
DBMET03097	1432
DBMET03102	1433
DBMET03116	1434
DBMET03120	1435
DBMET03122	1436
DBMET03128	1437
DBMET03129	1438
DBMET03133	1439
DBMET03138	1440
DBMET03139	1441
DBMET03143	1442
DBMET03170	1443
DBMET03182	1444
DBMET03183	1445
DBMET03185	1446
DBMET03187	1447
DBMET03188	1448
DBMET03189	1449
DBMET03190	1450
DBMET03191	1451
DBMET03198	1452
DBMET03199	1453
DBMET03211	1454
DBMET03212	1455
DBMET03213	1456
DBMET03216	1457
DBMET03219	1458
DBMET03220	1459
DBMET03221	1460
DBMET03222	1461
DBMET03223	1462
DBMET03224	1463
DBMET03226	1464
DBMET03227	1465
DBMET03228	1466
DBMET03234	1467
DBMET03235	1468
DBMET03244	1469
DBMET03246	1470
DBMET03247	1471
DBMET03248	1472
DBMET03249	1473
DBMET03261	1474
DBMET03262	1475
DBMET03263	1476
DBMET03264	1477
DBMET03265	1478
DBMET03270	1479
DBMET03271	1480
DBMET03275	1481
DBMET03276	1482
DBMET03278	1483
DBMET03279	1484
DBMET03280	1485
DBMET03281	1486
DBMET03285	1487
DBMET03292	1488
DBMET03293	1489
DBMET03294	1490
DBMET03295	1491
DBMET03296	1492
DBMET03297	1493
DBMET03307	1494
DBMET03311	1495
DBMET03313	1496
DBMET03314	1497
DBMET03315	1498
DBMET03316	1499
DBMET03324	1500
DBMET03325	1501
DBMET03326	1502
DBMET03329	1503
DBMET03336	1504
DBMET03337	1505
DBMET03338	1506
DBMET03348	1507
DBMET03354	1508
DBMET03357	1509
DBMET03361	1510
DBMET03362	1511
DBMET03367	1512
DBMET03374	1513
DBMET03375	1514
DBMET03376	1515
DBMET03377	1516
DBMET03393	1517
DBMET03394	1518
DBMET03395	1519
DBMET03396	1520
DBMET03397	1521
DBMET03399	1522
DBMET03400	1523
DBMET03402	1524
DBMET03403	1525
DBMET03404	1526
DBMET03412	1527
DBMET03413	1528
DBMET03414	1529
DBMET03415	1530
DBMET03416	1531
DBMET03419	1532
DBMET03423	1533
DBMET03424	1534
DBMET03427	1535
