abelson murine leukemia virus	0
acetobacter aceti	1
achromobacter cycloclastes	2
achromobacter lyticus	3
acidaminococcus fermentans (strain atcc 25085 / dsm 20731 / vr4)	4
acidithiobacillus ferrooxidans (strain atcc 23270 / dsm 14882 / ncib 8455)	5
acidothermus cellulolyticus (strain atcc 43068 / 11b)	6
acinetobacter baumannii	7
acinetobacter calcoaceticus	8
acinetobacter sp. (strain adp1)	9
actinomadura sp. (strain r39)	10
actinoplanes missouriensis (strain atcc 14538 / dsm 43046 / cbs 188.64 / jcm 3121 / ncimb 12654 / nbrc 102363 / 431)	11
actinoplanes teichomyceticus	12
aerococcus viridans	13
aeromonas hydrophila	14
aeromonas punctata	15
agrobacterium sp. (strain knk712)	16
agrobacterium tumefaciens	17
agrobacterium tumefaciens (strain c58 / atcc 33970)	18
alcaligenes faecalis	19
alcaligenes sp.	20
alcaligenes sp. (strain dsm 11172)	21
alcaligenes sp. al3007	22
alcaligenes xylosoxydans xylosoxydans	23
alicyclobacillus acidocaldarius	24
alicyclobacillus acidocaldarius subsp. acidocaldarius (strain atcc 27009 / dsm 446 / 104-1a)	25
alteromonas fortis	26
amycolatopsis orientalis	27
amycolatopsis sp.	28
anabaena sp.	29
anabaena sp. (strain pcc 7119)	30
anopheles gambiae	31
antarctic bacterium ds2-3r	32
apmv	33
aquaspirillum arcticum	34
aquifex aeolicus (strain vf5)	35
aquifex pyrophilus	36
arthrobacter aurescens	37
arthrobacter globiformis	38
arthrobacter sp.	39
arthrobacter sp. (strain km)	40
arthrobacter sp. (strain nrrl b3728)	41
arthrospira maxima	42
arthrospira platensis	43
arthrospira platensis hn01	44
aspergillis, candida and other fungi	45
aspergillus niger (strain cbs 513.88 / fgsc a1513)	46
aspergillus terreus	47
azospirillum brasilense	48
azotobacter vinelandii	49
bacillus agaradhaerens	50
bacillus alcalophilus	51
bacillus amyloliquefaciens	52
bacillus anthracis	53
bacillus caldolyticus	54
bacillus caldovelox	55
bacillus cereus	56
bacillus cereus (strain atcc 10987)	57
bacillus cereus (strain atcc 14579 / dsm 31)	58
bacillus circulans	59
bacillus globisporus	60
bacillus halodurans (strain atcc baa-125 / dsm 18197 / ferm 7344 / jcm 9153 / c-125)	61
bacillus lentus	62
bacillus licheniformis	63
bacillus licheniformis (strain dsm 13 / atcc 14580)	64
bacillus megaterium	65
bacillus pasteurii	66
bacillus pumilus	67
bacillus sp.	68
bacillus sp. (strain 1011)	69
bacillus sp. (strain 707)	70
bacillus sp. (strain b-0618)	71
bacillus sp. (strain gl1)	72
bacillus sp. (strain hil-y85/54728)	73
bacillus sp. (strain ksm-635)	74
bacillus sp. (strain oy1-2)	75
bacillus sp. (strain tb-90)	76
bacillus sp. (strain ym-1)	77
bacillus sp. ksm-kp43	78
bacillus subtilis	79
bacillus subtilis (strain 168)	80
bacillus thermoglucosidasius	81
bacillus thermoproteolyticus	82
bacteria	83
bacteriophage 21	84
bacteriophage h30	85
bacteriophage pbs2	86
bacteroides fragilis	87
bacteroides fragilis (strain atcc 25285 / nctc 9343)	88
bacteroides thetaiotaomicron	89
bacteroides thetaiotaomicron (strain atcc 29148 / dsm 2079 / nctc 10582 / e50 / vpi-5482)	90
baker's yeast	91
bev	92
bifidobacterium adolescentis (strain atcc 15703 / dsm 20083 / nctc 11814 / e194a)	93
blood fluke	94
bos taurus	95
bradyrhizobium japonicum	96
bradyrhizobium japonicum (strain usda 110)	97
brevibacterium fuscum	98
brevibacterium sterolicum	99
brevundimonas diminuta	100
brucella suis biovar 1 (strain 1330)	101
burkholderia pseudomallei (strain 1710b)	102
burkholderia pseudomallei (strain k96243)	103
burkholderia xenovorans (strain lb400)	104
butyrivibrio proteoclasticus	105
bvdv	106
caenorhabditis elegans	107
campylobacter jejuni	108
campylobacter jejuni subsp. jejuni serotype o:2 (strain nctc 11168)	109
candida albicans	110
candida albicans and other yeasts	111
canis lupus familiaris	112
caulobacter crescentus (strain atcc 19089 / cb15)	113
cellulomonas fimi	114
cellulomonas fimi (strain atcc 484 / dsm 20113 / jcm 1341 / nbrc 15513 / ncimb 8980 / nctc 7547)	115
cellulomonas sp.	116
cellvibrio japonicus	117
cellvibrio japonicus (strain ueda107)	118
cellvibrio mixtus	119
chlorobaculum parvum (strain ncib 8327)	120
chlorobium tepidum (strain atcc 49652 / dsm 12025 / tls)	121
chloroflexus aurantiacus (strain atcc 29366 / dsm 635 / j-10-fl)	122
chromobacterium violaceum (strain atcc 12472 / dsm 30191 / jcm 1249 / nbrc 12614 / ncimb 9131 / nctc 9757)	123
chryseobacterium meningosepticum	124
citrobacter amalonaticus	125
citrobacter freundii	126
clostridium acetobutylicum (strain atcc 824 / dsm 792 / jcm 1419 / lmg 5710 / vkm b-1787)	127
clostridium aminobutyricum	128
clostridium beijerinckii	129
clostridium botulinum	130
clostridium botulinum d phage	131
clostridium butyricum	132
clostridium cellulolyticum (strain atcc 35319 / dsm 5812 / jcm 6584 / h10)	133
clostridium cellulovorans	134
clostridium difficile (strain 630)	135
clostridium perfringens	136
clostridium perfringens (strain 13 / type a)	137
clostridium sp. (strain f1)	138
clostridium stercorarium	139
clostridium symbiosum	140
clostridium tetani (strain massachusetts / e88)	141
clostridium tetanomorphum	142
clostridium thermocellum	143
clostridium thermocellum (strain atcc 27405 / dsm 1237)	144
comamonas testosteroni	145
condyloma acuminatum	146
corynebacterium diphtheriae	147
corynebacterium diphtheriae (strain atcc 700971 / nctc 13129 / biotype gravis)	148
corynebacterium glutamicum (strain atcc 13032 / dsm 20300 / jcm 1318 / lmg 3730 / ncimb 10025)	149
corynebacterium sp. (strain atcc 31090)	150
corynephage omega	151
coxsackievirus a21	152
coxsackievirus a21 (strain coe)	153
coxsackievirus a9 (strain griggs)	154
coxsackievirus b3 (strain woodruff)	155
cupriavidus necator (strain atcc 17699 / h16 / dsm 428 / stanier 337)	156
deinococcus radiodurans (strain atcc 13939 / dsm 20539 / jcm 16871 / lmg 4051 / nbrc 15346 / ncimb 9279 / r1 / vkm b-1422)	157
denv-2	158
denv-3	159
dermatophytic fungi including trichophyton, microsporum and epidermophyton	160
desulfovibrio africanus	161
desulfovibrio baculatus (strain norway 4)	162
desulfovibrio desulfuricans	163
desulfovibrio desulfuricans (strain atcc 27774 / dsm 6949)	164
desulfovibrio gigas	165
desulfovibrio vulgaris (strain hildenborough / atcc 29579 / ncimb 8303)	166
desulfovibrio vulgaris (strain miyazaki f / dsm 19637)	167
desulfuromonas acetoxidans	168
e-1	169
echovirus 11 (strain gregory)	170
ehv-4	171
eiav	172
ensifer meliloti	173
enteric bacteria and other eubacteria	174
enterobacter aerogenes	175
enterobacter cloacae	176
enterobacter cloacae subsp. cloacae (strain atcc 13047 / dsm 30054 / nbrc 13535 / ncdc 279-56)	177
enterobacteria phage k1f	178
enterobacteria phage lambda	179
enterobacteria phage p1	180
enterobacteria phage p22	181
enterobacteria phage rb69	182
enterobacteria phage t4	183
enterobacteria phage t7	184
enterobacteriaceae bacterium (strain fgi 57)	185
enterococcus faecalis	186
enterococcus faecalis (strain atcc 700802 / v583)	187
enterococcus faecium	188
enterococcus hirae (strain atcc 9790 / dsm 20160 / jcm 8729 / lmg 6399 / nbrc 3181 / ncimb 6459 / ncdo 1258)	189
enterovirus j	190
erwinia carotovora	191
erwinia chrysanthemi	192
escherichia coli	193
escherichia coli (strain k12)	194
escherichia coli o157:h7	195
escherichia coli o1:k1 / apec	196
escherichia coli o6:h1 (strain cft073 / atcc 700928 / upec)	197
escherichia intermedia	198
fasciola hepatica	199
feline coronavirus (strain fipv wsu-79/1146)	200
feline herpesvirus 1	201
fiv	202
flavobacterium sp. (strain atcc 27551)	203
fluoribacter gormanii	204
fungi	205
fungi, yeast and protozoans	206
gallus gallus	207
geobacillus kaustophilus (strain hta426)	208
geobacillus stearothermophilus	209
geobacter sulfurreducens	210
geobacter sulfurreducens (strain atcc 51573 / dsm 12127 / pca)	211
gram negative and gram positive bacteria	212
gram negative, positive bacteria and plasmodium	213
gram positive and gram negative bacteria	214
gram positive bacteria	215
gram-negative bacilli	216
gram-positive bacteria	217
hadv-2	218
haemophilus influenzae	219
haemophilus influenzae (strain atcc 51907 / dsm 11121 / kw20 / rd)	220
haemophilus parahaemolyticus	221
haloarcula marismortui (strain atcc 43049 / dsm 3752 / jcm 8966 / vkm b-1809)	222
halorhodospira halophila	223
hbv	224
hbv-d	225
hbv-f	226
hcv	227
head lice	228
helicobacter pylori	229
helicobacter pylori (strain atcc 700392 / 26695)	230
helicobacter pylori (strain j99 / atcc 700824)	231
helminthic microorganisms	232
hepatitis b virus	233
hepatitis c virus	234
hepatitis c virus genotype 1b (isolate bk)	235
hepatitis c virus subtype 1b	236
hepatitis c virus, rsv and other rna/dna viruses	237
herpes simplex virus	238
hhav	239
hhv-1	240
hhv-3	241
hhv-4	242
hhv-5	243
hiv-1	244
hiv-2	245
hpiv-2	246
hpiv-3	247
hrv-14	248
hrv-16	249
hrv-1a	250
hrv-2	251
human adenovirus 19	252
human adenovirus 37	253
human cytomegalovirus	254
human cytomegalovirus (strain towne)	255
human herpes virus	256
human herpesvirus 1	257
human herpesvirus 2 (strain 186)	258
human immunodeficiency virus	259
human immunodeficiency virus 1	260
human influenza a virus	261
human papillomavirus type 11	262
human respiratory syncytial virus b (strain 18537)	263
humans	264
humans and other mammals	265
influenza a virus (strain a/aichi/2/1968 h3n2)	266
influenza a virus (strain a/ann arbor/6/1960 h2n2)	267
influenza a virus (strain a/bangkok/1/1979 h3n2)	268
influenza a virus (strain a/beijing/11/1956 h1n1)	269
influenza a virus (strain a/chile/1/1983 h1n1)	270
influenza a virus (strain a/mallard/astrakhan/244/1982 h14n6)	271
influenza a virus (strain a/puerto rico/8/1934 h1n1)	272
influenza a virus (strain a/silky chicken/hong kong/sf189/2001 h5n1 genotype a)	273
influenza a virus (strain a/tern/australia/g70c/1975 h11n9)	274
influenza a virus (strain a/tokyo/3/1967 h2n2)	275
influenza b virus (strain b/beijing/1/1987)	276
influenza b virus (strain b/lee/1940)	277
janthinobacterium sp. (strain j3)	278
klebsiella pneumoniae	279
lactobacillus brevis	280
lactobacillus casei	281
lactobacillus casei (strain bl23)	282
lactobacillus delbrueckii subsp. lactis	283
lactobacillus helveticus	284
lactobacillus leichmannii	285
lactobacillus paracasei	286
lactobacillus plantarum	287
lactobacillus plantarum (strain atcc baa-793 / ncimb 8826 / wcfs1)	288
lactobacillus sp. (strain 30a)	289
lactococcus lactis	290
lactococcus lactis subsp. cremoris	291
lactococcus lactis subsp. lactis	292
lactococcus lactis subsp. lactis (strain il1403)	293
leishmania major	294
leptospira interrogans serogroup icterohaemorrhagiae serovar lai (strain 56601)	295
leuconostoc mesenteroides	296
listeria monocytogenes serotype 4b str. ll195	297
listeria monocytogenes serovar 1/2a (strain atcc baa-679 / egd-e)	298
lysinibacillus sphaericus	299
lysobacter enzymogenes	300
marinobacter hydrocarbonoclasticus	301
mastigocladus laminosus	302
megasphaera elsdenii	303
methylobacterium extorquens (strain atcc 14718 / dsm 1338 / am1)	304
methylococcus capsulatus (strain atcc 33009 / ncimb 11132 / bath)	305
methylophilus methylotrophus	306
mev	307
microbes (bacteria, parasites)	308
micrococcus luteus	309
micromonospora viridifaciens	310
middle east respiratory syndrome-related coronavirus (isolate united kingdom/h123990006/2012)	311
momlv	312
moorella thermoacetica (strain atcc 39073)	313
mouse	314
mpyv	315
mycobacteria	316
mycobacterium	317
mycobacterium avium	318
mycobacterium fortuitum	319
mycobacterium leprae (strain tn)	320
mycobacterium paratuberculosis (strain atcc baa-968 / k-10)	321
mycobacterium smegmatis	322
mycobacterium smegmatis (strain atcc 700084 / mc(2)155)	323
mycobacterium tuberculosis	324
mycobacterium tuberculosis (strain atcc 25618 / h37rv)	325
mycobacterium tuberculosis h37rv	326
mycoplasma pneumoniae (strain atcc 29342 / m129)	327
myxococcus xanthus	328
ndv	329
neisseria gonorrhoeae	330
neisseria meningitidis	331
neisseria meningitidis serogroup b (strain mc58)	332
neisseria polysaccharea	333
neosartorya fumigata	334
neosartorya fumigata (strain atcc mya-4609 / af293 / cbs 101355 / fgsc a1100)	335
nitrosomonas europaea (strain atcc 19718 / nbrc 14298)	336
nocardia aerocolonigenes	337
nocardioides simplex	338
nostoc ellipsosporum	339
nostoc sp. (strain pcc 7120 / utex 2576)	340
ochrobactrum anthropi	341
onchocerca volvulus	342
oxalobacter formigenes	343
paenibacillus macerans	344
paenibacillus polymyxa	345
paracoccus denitrificans	346
paracoccus pantotrophus	347
parasitic nematodes and other roundworms	348
parasitic protozoa and helminths	349
pasteurella haemolytica	350
pbcv-1	351
pectobacterium carotovorum subsp. carotovorum	352
pediculus humanus	353
pedobacter heparinus (strain atcc 13125 / dsm 2366 / ncib 9290)	354
penicillium citrinum	355
peptoclostridium difficile	356
peptostreptococcus magnus	357
photobacterium leiognathi	358
pig	359
pig roundworm	360
plasmodium	361
plasmodium falciparum	362
plasmodium falciparum (isolate 3d7)	363
plasmodium falciparum (isolate cdc / honduras)	364
plasmodium falciparum (isolate fc27 / papua new guinea)	365
plasmodium falciparum (isolate fcr-3 / gambia)	366
plasmodium falciparum (isolate hb3)	367
plasmodium falciparum (isolate k1 / thailand)	368
pneumocystis carinii	369
poliovirus type 1 (strain mahoney)	370
poliovirus type 2 (strain lansing)	371
poliovirus type 3 (strains p3/leon/37 and p3/leon 12a[1]b)	372
porphyromonas gingivalis (strain atcc baa-308 / w83)	373
propionibacterium acnes	374
propionibacterium freudenreichii subsp. shermanii	375
propionigenium modestum	376
prosthecochloris aestuarii	377
proteus hauseri	378
proteus mirabilis	379
proteus vulgaris	380
protozoa	381
pseudoalteromonas haloplanktis	382
pseudomonas aeruginosa	383
pseudomonas aeruginosa (strain atcc 15692 / pao1 / 1c / prs 101 / lmg 12228)	384
pseudomonas aeruginosa (strain ucbpp-pa14)	385
pseudomonas cepacia	386
pseudomonas denitrificans	387
pseudomonas fluorescens	388
pseudomonas fluorescens (strain pf-5 / atcc baa-477)	389
pseudomonas fragi	390
pseudomonas maltophilia	391
pseudomonas marginata	392
pseudomonas mevalonii	393
pseudomonas paucimobilis	394
pseudomonas phage phi12	395
pseudomonas phage phi6	396
pseudomonas putida	397
pseudomonas putida (strain dot-t1e)	398
pseudomonas putida (strain f1 / atcc 700007)	399
pseudomonas putida (strain kt2440)	400
pseudomonas resinovorans	401
pseudomonas sp. (strain 101)	402
pseudomonas sp. (strain acp)	403
pseudomonas sp. (strain b13)	404
pseudomonas sp. (strain c18)	405
pseudomonas sp. (strain cbs-3)	406
pseudomonas sp. (strain kks102)	407
pseudomonas sp. (strain kwi-56)	408
pseudomonas sp. (strain yl)	409
pseudomonas sp. dj-12	410
pseudomonas stutzeri	411
pseudomonas syringae	412
pseudomonas syringae pv. tomato (strain dc3000)	413
rabies virus (strain pasteur vaccins / pv)	414
ralstonia metallidurans (strain ch34 / atcc 43123 / dsm 2839)	415
ralstonia pickettii	416
rat	417
rhizobium loti (strain maff303099)	418
rhizobium sp. (strain ngr234)	419
rhizobium sp. (strain nhg3)	420
rhodobacter capsulatus	421
rhodobacter sphaeroides	422
rhodobacter sphaeroides (strain atcc 17023 / 2.4.1 / ncib 8253 / dsm 158)	423
rhodococcus erythropolis	424
rhodococcus opacus	425
rhodococcus sp.	426
rhodococcus sp. (strain igts8)	427
rhodococcus sp. (strain mb1 bresler)	428
rhodococcus sp. (strain rha1)	429
rhodopseudomonas acidophila	430
rhodopseudomonas blastica	431
rhodopseudomonas palustris (strain atcc baa-98 / cga009)	432
rhodopseudomonas viridis	433
rhodospirillum centenum	434
rhodospirillum molischianum	435
rhodospirillum rubrum	436
roundworms, hookworms, and other helminth species	437
rsv-sr-e	438
rsv-sra	439
ruegeria pomeroyi (strain atcc 700808 / dsm 15171 / dss-3)	440
ruminococcus gnavus atcc 29149	441
saccharopolyspora erythraea (strain nrrl 23338)	442
sahv-2	443
salmonella enteritidis	444
salmonella typhi	445
salmonella typhimurium	446
salmonella typhimurium (strain lt2 / sgsc1412 / atcc 700720)	447
sarcoptes scabiei	448
sars-cov	449
sars-cov-2	450
scabies (sarcoptes scabei) and other insects	451
schistosoma	452
schistosoma mansoni	453
selenomonas ruminantium	454
serratia marcescens	455
shewanella frigidimarina	456
shewanella frigidimarina (strain ncimb 400)	457
shewanella massilia	458
shewanella oneidensis (strain mr-1)	459
shewanella sp.	460
shigella flexneri	461
shigella sonnei	462
sinv	463
siv-mac	464
sphingomonas sp.	465
staphylococcus aureus	466
staphylococcus aureus (strain bovine rf122 / et3-1)	467
staphylococcus aureus (strain col)	468
staphylococcus aureus (strain mrsa252)	469
staphylococcus aureus (strain mu50 / atcc 700699)	470
staphylococcus aureus (strain mw2)	471
staphylococcus aureus (strain nctc 8325)	472
staphylococcus aureus (strain usa300)	473
staphylococcus epidermidis	474
staphylococcus haemolyticus	475
staphylococcus haemolyticus (strain jcsc1435)	476
streptococcus agalactiae serotype ia (strain atcc 27591 / a909 / cdc ss700)	477
streptococcus agalactiae serotype iii (strain nem316)	478
streptococcus dysgalactiae subsp. equisimilis	479
streptococcus mutans	480
streptococcus mutans serotype c (strain atcc 700610 / ua159)	481
streptococcus pneumoniae	482
streptococcus pneumoniae (strain atcc baa-255 / r6)	483
streptococcus pneumoniae serotype 4 (strain atcc baa-334 / tigr4)	484
streptococcus pyogenes	485
streptococcus pyogenes serotype m1	486
streptococcus salivarius	487
streptococcus sanguinis (strain sk36)	488
streptococcus sp. group g	489
streptococcus suis	490
streptomyces antibioticus	491
streptomyces aureofaciens	492
streptomyces avermitilis (strain atcc 31267 / dsm 46492 / jcm 5070 / ncimb 12804 / nrrl 8165 / ma-4680)	493
streptomyces avidinii	494
streptomyces azureus	495
streptomyces carzinostaticus	496
streptomyces cattleya	497
streptomyces clavuligerus	498
streptomyces clavuligerus (strain atcc 27064 / dsm 738 / jcm 4710 / nbrc 13307 / ncimb 12785 / nrrl 3585 / vkm ac-602)	499
streptomyces coelicolor	500
streptomyces coelicolor (strain atcc baa-471 / a3(2) / m145)	501
streptomyces exfoliatus	502
streptomyces galilaeus	503
streptomyces globisporus	504
streptomyces griseus	505
streptomyces hygroscopicus subsp. ascomyceticus	506
streptomyces lividans	507
streptomyces malayensis	508
streptomyces nogalater	509
streptomyces olivaceoviridis	510
streptomyces olivochromogenes	511
streptomyces peucetius	512
streptomyces plicatus	513
streptomyces purpurascens	514
streptomyces rubiginosus	515
streptomyces scabies	516
streptomyces sp.	517
streptomyces sp. (strain cl190)	518
streptomyces sp. (strain pmf)	519
streptomyces sp. (strain r61)	520
streptomyces sp. (strain sa-coo)	521
streptomyces sp. tp-a0274	522
streptomyces venezuelae	523
streptomyces venezuelae (strain atcc 10712 / cbs 650.69 / dsm 40230 / jcm 4526 / nbrc 13096 / pd 04745)	524
streptoverticillium griseoverticillatum	525
svdv	526
synechococcus elongatus (strain pcc 7942)	527
synechococcus sp. (strain atcc 27144 / pcc 6301 / saug 1402/1)	528
synechocystis sp. (strain pcc 6714)	529
synechocystis sp. (strain pcc 6803 / kazusa)	530
syntrophus aciditrophicus (strain sb)	531
t3d	532
thermoactinomyces vulgaris	533
thermoanaerobacter brockii	534
thermoanaerobacter thermosulfurogenes	535
thermobifida fusca (strain yx)	536
thermochromatium tepidum	537
thermomonospora fusca	538
thermosynechococcus elongatus (strain bp-1)	539
thermotoga maritima (strain atcc 43589 / msb8 / dsm 3109 / jcm 10099)	540
thermus aquaticus	541
thermus sp.	542
thermus sp. im6501	543
thermus thermophilus	544
thermus thermophilus (strain hb27 / atcc baa-163 / dsm 7039)	545
thermus thermophilus (strain hb8 / atcc 27634 / dsm 579)	546
thioalkalivibrio nitratireducens	547
thiobacillus ferrooxidans	548
treponema denticola (strain atcc 35405 / cip 103919 / dsm 14222)	549
treponema pallidum (strain nichols)	550
trichomonas vaginalis, giardia duodenalis, and entamoeba histolytica	551
trichophyton interdigitale (strain mr816)	552
trypanosoma brucei	553
trypanosoma brucei brucei	554
trypanosoma brucei brucei (strain 927/4 gutat10.1)	555
trypanosoma brucei gambiense	556
trypanosoma cruzi	557
trypanosoma vivax	558
uncultured bacterium cslc2	559
unknown prokaryotic organism	560
ureaplasma parvum serovar 3 (strain atcc 700970)	561
vacv	562
variola virus	563
variola virus (isolate human/india/ind3/1967)	564
various aerobic and anaerobic microorganisms	565
various fungus species	566
various viruses	567
vibrio cholerae	568
vibrio cholerae serotype o1 (strain atcc 39315 / el tor inaba n16961)	569
vibrio fischeri	570
vibrio harveyi	571
vibrio marinus	572
vibrio parahaemolyticus serotype o3:k6 (strain rimd 2210633)	573
vibrio proteolyticus	574
vibrio sp. pa-44	575
vitreoscilla stercoraria	576
wolinella succinogenes	577
wolinella succinogenes (strain atcc 29543 / dsm 1740 / lmg 7466 / nctc 11488 / fdc 602w)	578
xanthobacter autotrophicus	579
xanthobacter autotrophicus (strain atcc baa-1158 / py2)	580
xanthomonas campestris pv. campestris (strain atcc 33913 / ncppb 528 / lmg 568)	581
yeast	582
yeast and other fungi	583
yeast, molds, trypanosomes	584
yersinia enterocolitica	585
yersinia pestis	586
yersinia pseudotuberculosis serotype i (strain ip32953)	587
zaire ebolavirus (strain mayinga-76)	588
zoogloea ramigera	589
zymomonas mobilis subsp. mobilis (strain atcc 31821 / zm4 / cp4)	590
