DBSALT000002	0
DBSALT000003	1
DBSALT000004	2
DBSALT000005	3
DBSALT000006	4
DBSALT000007	5
DBSALT000008	6
DBSALT000009	7
DBSALT000010	8
DBSALT000011	9
DBSALT000012	10
DBSALT000013	11
DBSALT000016	12
DBSALT000017	13
DBSALT000018	14
DBSALT000019	15
DBSALT000020	16
DBSALT000021	17
DBSALT000023	18
DBSALT000025	19
DBSALT000026	20
DBSALT000027	21
DBSALT000028	22
DBSALT000029	23
DBSALT000030	24
DBSALT000031	25
DBSALT000032	26
DBSALT000033	27
DBSALT000034	28
DBSALT000035	29
DBSALT000036	30
DBSALT000037	31
DBSALT000038	32
DBSALT000040	33
DBSALT000042	34
DBSALT000044	35
DBSALT000045	36
DBSALT000046	37
DBSALT000047	38
DBSALT000048	39
DBSALT000050	40
DBSALT000051	41
DBSALT000053	42
DBSALT000056	43
DBSALT000057	44
DBSALT000059	45
DBSALT000060	46
DBSALT000061	47
DBSALT000062	48
DBSALT000063	49
DBSALT000064	50
DBSALT000070	51
DBSALT000085	52
DBSALT000086	53
DBSALT000087	54
DBSALT000088	55
DBSALT000089	56
DBSALT000090	57
DBSALT000091	58
DBSALT000092	59
DBSALT000093	60
DBSALT000094	61
DBSALT000095	62
DBSALT000096	63
DBSALT000097	64
DBSALT000098	65
DBSALT000099	66
DBSALT000100	67
DBSALT000101	68
DBSALT000103	69
DBSALT000105	70
DBSALT000107	71
DBSALT000108	72
DBSALT000109	73
DBSALT000110	74
DBSALT000111	75
DBSALT000112	76
DBSALT000113	77
DBSALT000114	78
DBSALT000115	79
DBSALT000116	80
DBSALT000117	81
DBSALT000118	82
DBSALT000119	83
DBSALT000120	84
DBSALT000121	85
DBSALT000122	86
DBSALT000125	87
DBSALT000126	88
DBSALT000127	89
DBSALT000128	90
DBSALT000129	91
DBSALT000130	92
DBSALT000131	93
DBSALT000132	94
DBSALT000133	95
DBSALT000134	96
DBSALT000135	97
DBSALT000136	98
DBSALT000137	99
DBSALT000138	100
DBSALT000139	101
DBSALT000140	102
DBSALT000141	103
DBSALT000142	104
DBSALT000143	105
DBSALT000144	106
DBSALT000145	107
DBSALT000146	108
DBSALT000147	109
DBSALT000148	110
DBSALT000149	111
DBSALT000150	112
DBSALT000151	113
DBSALT000152	114
DBSALT000153	115
DBSALT000154	116
DBSALT000155	117
DBSALT000156	118
DBSALT000158	119
DBSALT000165	120
DBSALT000166	121
DBSALT000167	122
DBSALT000168	123
DBSALT000169	124
DBSALT000170	125
DBSALT000171	126
DBSALT000172	127
DBSALT000173	128
DBSALT000174	129
DBSALT000176	130
DBSALT000177	131
DBSALT000178	132
DBSALT000179	133
DBSALT000180	134
DBSALT000181	135
DBSALT000183	136
DBSALT000184	137
DBSALT000185	138
DBSALT000186	139
DBSALT000187	140
DBSALT000188	141
DBSALT000189	142
DBSALT000190	143
DBSALT000191	144
DBSALT000192	145
DBSALT000193	146
DBSALT000194	147
DBSALT000195	148
DBSALT000196	149
DBSALT000197	150
DBSALT000199	151
DBSALT000200	152
DBSALT000202	153
DBSALT000203	154
DBSALT000205	155
DBSALT000206	156
DBSALT000207	157
DBSALT000208	158
DBSALT000225	159
DBSALT000226	160
DBSALT000228	161
DBSALT000234	162
DBSALT000236	163
DBSALT000238	164
DBSALT000242	165
DBSALT000243	166
DBSALT000244	167
DBSALT000245	168
DBSALT000246	169
DBSALT000247	170
DBSALT000248	171
DBSALT000249	172
DBSALT000250	173
DBSALT000251	174
DBSALT000255	175
DBSALT000257	176
DBSALT000260	177
DBSALT000261	178
DBSALT000262	179
DBSALT000264	180
DBSALT000265	181
DBSALT000267	182
DBSALT000270	183
DBSALT000272	184
DBSALT000273	185
DBSALT000275	186
DBSALT000276	187
DBSALT000277	188
DBSALT000278	189
DBSALT000281	190
DBSALT000287	191
DBSALT000288	192
DBSALT000289	193
DBSALT000293	194
DBSALT000295	195
DBSALT000296	196
DBSALT000297	197
DBSALT000299	198
DBSALT000300	199
DBSALT000301	200
DBSALT000304	201
DBSALT000305	202
DBSALT000307	203
DBSALT000309	204
DBSALT000310	205
DBSALT000311	206
DBSALT000312	207
DBSALT000313	208
DBSALT000314	209
DBSALT000315	210
DBSALT000316	211
DBSALT000317	212
DBSALT000318	213
DBSALT000319	214
DBSALT000320	215
DBSALT000321	216
DBSALT000322	217
DBSALT000324	218
DBSALT000326	219
DBSALT000328	220
DBSALT000329	221
DBSALT000330	222
DBSALT000332	223
DBSALT000334	224
DBSALT000335	225
DBSALT000336	226
DBSALT000337	227
DBSALT000338	228
DBSALT000340	229
DBSALT000341	230
DBSALT000342	231
DBSALT000343	232
DBSALT000344	233
DBSALT000345	234
DBSALT000346	235
DBSALT000347	236
DBSALT000348	237
DBSALT000349	238
DBSALT000350	239
DBSALT000351	240
DBSALT000352	241
DBSALT000354	242
DBSALT000355	243
DBSALT000356	244
DBSALT000361	245
DBSALT000362	246
DBSALT000363	247
DBSALT000367	248
DBSALT000368	249
DBSALT000370	250
DBSALT000376	251
DBSALT000378	252
DBSALT000379	253
DBSALT000380	254
DBSALT000382	255
DBSALT000385	256
DBSALT000386	257
DBSALT000387	258
DBSALT000388	259
DBSALT000390	260
DBSALT000391	261
DBSALT000393	262
DBSALT000395	263
DBSALT000396	264
DBSALT000397	265
DBSALT000399	266
DBSALT000400	267
DBSALT000401	268
DBSALT000406	269
DBSALT000407	270
DBSALT000408	271
DBSALT000411	272
DBSALT000412	273
DBSALT000415	274
DBSALT000417	275
DBSALT000422	276
DBSALT000425	277
DBSALT000426	278
DBSALT000427	279
DBSALT000429	280
DBSALT000430	281
DBSALT000431	282
DBSALT000440	283
DBSALT000442	284
DBSALT000443	285
DBSALT000444	286
DBSALT000446	287
DBSALT000447	288
DBSALT000448	289
DBSALT000449	290
DBSALT000451	291
DBSALT000454	292
DBSALT000456	293
DBSALT000459	294
DBSALT000462	295
DBSALT000465	296
DBSALT000466	297
DBSALT000467	298
DBSALT000470	299
DBSALT000472	300
DBSALT000475	301
DBSALT000476	302
DBSALT000478	303
DBSALT000479	304
DBSALT000480	305
DBSALT000482	306
DBSALT000484	307
DBSALT000485	308
DBSALT000486	309
DBSALT000487	310
DBSALT000489	311
DBSALT000490	312
DBSALT000494	313
DBSALT000495	314
DBSALT000496	315
DBSALT000497	316
DBSALT000499	317
DBSALT000500	318
DBSALT000501	319
DBSALT000503	320
DBSALT000504	321
DBSALT000508	322
DBSALT000509	323
DBSALT000531	324
DBSALT000533	325
DBSALT000534	326
DBSALT000535	327
DBSALT000538	328
DBSALT000539	329
DBSALT000540	330
DBSALT000543	331
DBSALT000544	332
DBSALT000545	333
DBSALT000546	334
DBSALT000547	335
DBSALT000548	336
DBSALT000549	337
DBSALT000550	338
DBSALT000551	339
DBSALT000552	340
DBSALT000554	341
DBSALT000555	342
DBSALT000556	343
DBSALT000558	344
DBSALT000559	345
DBSALT000562	346
DBSALT000563	347
DBSALT000566	348
DBSALT000567	349
DBSALT000569	350
DBSALT000575	351
DBSALT000580	352
DBSALT000586	353
DBSALT000602	354
DBSALT000604	355
DBSALT000621	356
DBSALT000623	357
DBSALT000624	358
DBSALT000625	359
DBSALT000626	360
DBSALT000628	361
DBSALT000630	362
DBSALT000631	363
DBSALT000632	364
DBSALT000639	365
DBSALT000641	366
DBSALT000643	367
DBSALT000644	368
DBSALT000645	369
DBSALT000647	370
DBSALT000649	371
DBSALT000651	372
DBSALT000652	373
DBSALT000659	374
DBSALT000665	375
DBSALT000670	376
DBSALT000677	377
DBSALT000678	378
DBSALT000679	379
DBSALT000685	380
DBSALT000686	381
DBSALT000689	382
DBSALT000690	383
DBSALT000691	384
DBSALT000698	385
DBSALT000705	386
DBSALT000709	387
DBSALT000711	388
DBSALT000721	389
DBSALT000724	390
DBSALT000726	391
DBSALT000731	392
DBSALT000734	393
DBSALT000737	394
DBSALT000772	395
DBSALT000773	396
DBSALT000774	397
DBSALT000775	398
DBSALT000776	399
DBSALT000777	400
DBSALT000778	401
DBSALT000780	402
DBSALT000781	403
DBSALT000784	404
DBSALT000785	405
DBSALT000787	406
DBSALT000788	407
DBSALT000789	408
DBSALT000790	409
DBSALT000791	410
DBSALT000792	411
DBSALT000793	412
DBSALT000794	413
DBSALT000795	414
DBSALT000796	415
DBSALT000797	416
DBSALT000798	417
DBSALT000799	418
DBSALT000800	419
DBSALT000801	420
DBSALT000802	421
DBSALT000803	422
DBSALT000804	423
DBSALT000805	424
DBSALT000806	425
DBSALT000807	426
DBSALT000808	427
DBSALT000809	428
DBSALT000810	429
DBSALT000811	430
DBSALT000812	431
DBSALT000813	432
DBSALT000814	433
DBSALT000815	434
DBSALT000816	435
DBSALT000817	436
DBSALT000818	437
DBSALT000819	438
DBSALT000820	439
DBSALT000821	440
DBSALT000822	441
DBSALT000823	442
DBSALT000824	443
DBSALT000825	444
DBSALT000826	445
DBSALT000827	446
DBSALT000828	447
DBSALT000829	448
DBSALT000830	449
DBSALT000831	450
DBSALT000832	451
DBSALT000833	452
DBSALT000834	453
DBSALT000835	454
DBSALT000836	455
DBSALT000839	456
DBSALT000840	457
DBSALT000842	458
DBSALT000843	459
DBSALT000844	460
DBSALT000845	461
DBSALT000846	462
DBSALT000847	463
DBSALT000848	464
DBSALT000849	465
DBSALT000850	466
DBSALT000851	467
DBSALT000852	468
DBSALT000853	469
DBSALT000855	470
DBSALT000857	471
DBSALT000858	472
DBSALT000859	473
DBSALT000860	474
DBSALT000861	475
DBSALT000862	476
DBSALT000863	477
DBSALT000864	478
DBSALT000865	479
DBSALT000866	480
DBSALT000867	481
DBSALT000868	482
DBSALT000869	483
DBSALT000870	484
DBSALT000871	485
DBSALT000872	486
DBSALT000873	487
DBSALT000874	488
DBSALT000875	489
DBSALT000876	490
DBSALT000877	491
DBSALT000879	492
DBSALT000880	493
DBSALT000881	494
DBSALT000882	495
DBSALT000883	496
DBSALT000884	497
DBSALT000885	498
DBSALT000886	499
DBSALT000887	500
DBSALT000888	501
DBSALT000889	502
DBSALT000890	503
DBSALT000891	504
DBSALT000892	505
DBSALT000893	506
DBSALT000894	507
DBSALT000895	508
DBSALT000896	509
DBSALT000897	510
DBSALT000898	511
DBSALT000899	512
DBSALT000900	513
DBSALT000901	514
DBSALT000902	515
DBSALT000903	516
DBSALT000904	517
DBSALT000905	518
DBSALT000906	519
DBSALT000907	520
DBSALT000908	521
DBSALT000909	522
DBSALT000910	523
DBSALT000911	524
DBSALT000912	525
DBSALT000913	526
DBSALT000914	527
DBSALT000915	528
DBSALT000916	529
DBSALT000917	530
DBSALT000918	531
DBSALT000920	532
DBSALT000921	533
DBSALT000923	534
DBSALT000924	535
DBSALT000925	536
DBSALT000926	537
DBSALT000927	538
DBSALT000928	539
DBSALT000929	540
DBSALT000931	541
DBSALT000932	542
DBSALT000934	543
DBSALT000935	544
DBSALT000938	545
DBSALT000940	546
DBSALT000943	547
DBSALT000945	548
DBSALT000948	549
DBSALT000949	550
DBSALT000952	551
DBSALT000953	552
DBSALT000954	553
DBSALT000956	554
DBSALT000957	555
DBSALT000958	556
DBSALT000959	557
DBSALT000960	558
DBSALT000961	559
DBSALT000962	560
DBSALT000963	561
DBSALT000964	562
DBSALT000965	563
DBSALT000966	564
DBSALT000967	565
DBSALT000968	566
DBSALT000969	567
DBSALT000971	568
DBSALT000972	569
DBSALT000973	570
DBSALT000974	571
DBSALT000975	572
DBSALT000978	573
DBSALT000979	574
DBSALT000980	575
DBSALT000982	576
DBSALT000983	577
DBSALT000984	578
DBSALT000985	579
DBSALT000986	580
DBSALT000987	581
DBSALT000988	582
DBSALT000989	583
DBSALT000990	584
DBSALT000991	585
DBSALT000992	586
DBSALT000993	587
DBSALT000994	588
DBSALT000995	589
DBSALT000996	590
DBSALT000997	591
DBSALT000998	592
DBSALT000999	593
DBSALT001000	594
DBSALT001001	595
DBSALT001002	596
DBSALT001003	597
DBSALT001004	598
DBSALT001005	599
DBSALT001006	600
DBSALT001007	601
DBSALT001008	602
DBSALT001009	603
DBSALT001010	604
DBSALT001011	605
DBSALT001012	606
DBSALT001013	607
DBSALT001014	608
DBSALT001015	609
DBSALT001017	610
DBSALT001018	611
DBSALT001019	612
DBSALT001020	613
DBSALT001021	614
DBSALT001022	615
DBSALT001023	616
DBSALT001024	617
DBSALT001025	618
DBSALT001026	619
DBSALT001027	620
DBSALT001028	621
DBSALT001029	622
DBSALT001034	623
DBSALT001036	624
DBSALT001037	625
DBSALT001038	626
DBSALT001039	627
DBSALT001040	628
DBSALT001041	629
DBSALT001043	630
DBSALT001044	631
DBSALT001045	632
DBSALT001047	633
DBSALT001048	634
DBSALT001049	635
DBSALT001050	636
DBSALT001051	637
DBSALT001053	638
DBSALT001054	639
DBSALT001056	640
DBSALT001057	641
DBSALT001058	642
DBSALT001059	643
DBSALT001061	644
DBSALT001062	645
DBSALT001063	646
DBSALT001064	647
DBSALT001065	648
DBSALT001066	649
DBSALT001067	650
DBSALT001068	651
DBSALT001069	652
DBSALT001070	653
DBSALT001071	654
DBSALT001073	655
DBSALT001074	656
DBSALT001076	657
DBSALT001077	658
DBSALT001078	659
DBSALT001079	660
DBSALT001080	661
DBSALT001081	662
DBSALT001082	663
DBSALT001084	664
DBSALT001085	665
DBSALT001086	666
DBSALT001087	667
DBSALT001089	668
DBSALT001090	669
DBSALT001091	670
DBSALT001092	671
DBSALT001093	672
DBSALT001094	673
DBSALT001095	674
DBSALT001096	675
DBSALT001097	676
DBSALT001098	677
DBSALT001099	678
DBSALT001100	679
DBSALT001101	680
DBSALT001102	681
DBSALT001103	682
DBSALT001104	683
DBSALT001105	684
DBSALT001106	685
DBSALT001107	686
DBSALT001108	687
DBSALT001109	688
DBSALT001110	689
DBSALT001111	690
DBSALT001112	691
DBSALT001113	692
DBSALT001114	693
DBSALT001117	694
DBSALT001118	695
DBSALT001119	696
DBSALT001120	697
DBSALT001121	698
DBSALT001122	699
DBSALT001123	700
DBSALT001124	701
DBSALT001125	702
DBSALT001126	703
DBSALT001127	704
DBSALT001128	705
DBSALT001129	706
DBSALT001130	707
DBSALT001131	708
DBSALT001133	709
DBSALT001135	710
DBSALT001136	711
DBSALT001138	712
DBSALT001139	713
DBSALT001140	714
DBSALT001141	715
DBSALT001142	716
DBSALT001143	717
DBSALT001144	718
DBSALT001145	719
DBSALT001146	720
DBSALT001147	721
DBSALT001148	722
DBSALT001149	723
DBSALT001150	724
DBSALT001151	725
DBSALT001152	726
DBSALT001153	727
DBSALT001154	728
DBSALT001155	729
DBSALT001156	730
DBSALT001157	731
DBSALT001158	732
DBSALT001159	733
DBSALT001160	734
DBSALT001161	735
DBSALT001162	736
DBSALT001163	737
DBSALT001164	738
DBSALT001165	739
DBSALT001166	740
DBSALT001167	741
DBSALT001168	742
DBSALT001169	743
DBSALT001170	744
DBSALT001171	745
DBSALT001172	746
DBSALT001173	747
DBSALT001174	748
DBSALT001175	749
DBSALT001176	750
DBSALT001178	751
DBSALT001179	752
DBSALT001181	753
DBSALT001182	754
DBSALT001183	755
DBSALT001184	756
DBSALT001185	757
DBSALT001186	758
DBSALT001187	759
DBSALT001188	760
DBSALT001190	761
DBSALT001191	762
DBSALT001192	763
DBSALT001193	764
DBSALT001194	765
DBSALT001195	766
DBSALT001196	767
DBSALT001198	768
DBSALT001200	769
DBSALT001201	770
DBSALT001202	771
DBSALT001203	772
DBSALT001204	773
DBSALT001205	774
DBSALT001206	775
DBSALT001207	776
DBSALT001208	777
DBSALT001209	778
DBSALT001210	779
DBSALT001211	780
DBSALT001212	781
DBSALT001213	782
DBSALT001214	783
DBSALT001215	784
DBSALT001216	785
DBSALT001217	786
DBSALT001218	787
DBSALT001219	788
DBSALT001220	789
DBSALT001221	790
DBSALT001222	791
DBSALT001223	792
DBSALT001224	793
DBSALT001225	794
DBSALT001226	795
DBSALT001227	796
DBSALT001228	797
DBSALT001229	798
DBSALT001230	799
DBSALT001232	800
DBSALT001233	801
DBSALT001235	802
DBSALT001236	803
DBSALT001237	804
DBSALT001238	805
DBSALT001239	806
DBSALT001240	807
DBSALT001241	808
DBSALT001242	809
DBSALT001243	810
DBSALT001244	811
DBSALT001245	812
DBSALT001246	813
DBSALT001247	814
DBSALT001248	815
DBSALT001249	816
DBSALT001250	817
DBSALT001251	818
DBSALT001252	819
DBSALT001253	820
DBSALT001254	821
DBSALT001255	822
DBSALT001256	823
DBSALT001257	824
DBSALT001258	825
DBSALT001259	826
DBSALT001260	827
DBSALT001261	828
DBSALT001262	829
DBSALT001263	830
DBSALT001264	831
DBSALT001266	832
DBSALT001267	833
DBSALT001268	834
DBSALT001269	835
DBSALT001270	836
DBSALT001271	837
DBSALT001273	838
DBSALT001274	839
DBSALT001275	840
DBSALT001276	841
DBSALT001277	842
DBSALT001279	843
DBSALT001280	844
DBSALT001281	845
DBSALT001282	846
DBSALT001283	847
DBSALT001284	848
DBSALT001285	849
DBSALT001286	850
DBSALT001287	851
DBSALT001289	852
DBSALT001290	853
DBSALT001292	854
DBSALT001293	855
DBSALT001294	856
DBSALT001295	857
DBSALT001296	858
DBSALT001297	859
DBSALT001300	860
DBSALT001301	861
DBSALT001302	862
DBSALT001303	863
DBSALT001304	864
DBSALT001305	865
DBSALT001306	866
DBSALT001309	867
DBSALT001310	868
DBSALT001311	869
DBSALT001312	870
DBSALT001313	871
DBSALT001316	872
DBSALT001317	873
DBSALT001318	874
DBSALT001319	875
DBSALT001320	876
DBSALT001321	877
DBSALT001322	878
DBSALT001323	879
DBSALT001324	880
DBSALT001325	881
DBSALT001326	882
DBSALT001327	883
DBSALT001328	884
DBSALT001329	885
DBSALT001330	886
DBSALT001331	887
DBSALT001332	888
DBSALT001333	889
DBSALT001334	890
DBSALT001335	891
DBSALT001336	892
DBSALT001337	893
DBSALT001338	894
DBSALT001339	895
DBSALT001340	896
DBSALT001341	897
DBSALT001344	898
DBSALT001345	899
DBSALT001346	900
DBSALT001347	901
DBSALT001348	902
DBSALT001349	903
DBSALT001350	904
DBSALT001352	905
DBSALT001353	906
DBSALT001354	907
DBSALT001355	908
DBSALT001356	909
DBSALT001357	910
DBSALT001358	911
DBSALT001359	912
DBSALT001360	913
DBSALT001361	914
DBSALT001362	915
DBSALT001364	916
DBSALT001365	917
DBSALT001366	918
DBSALT001367	919
DBSALT001368	920
DBSALT001369	921
DBSALT001370	922
DBSALT001371	923
DBSALT001372	924
DBSALT001373	925
DBSALT001374	926
DBSALT001375	927
DBSALT001376	928
DBSALT001377	929
DBSALT001378	930
DBSALT001379	931
DBSALT001380	932
DBSALT001381	933
DBSALT001382	934
DBSALT001383	935
DBSALT001384	936
DBSALT001385	937
DBSALT001386	938
DBSALT001387	939
DBSALT001389	940
DBSALT001390	941
DBSALT001391	942
DBSALT001392	943
DBSALT001393	944
DBSALT001394	945
DBSALT001395	946
DBSALT001396	947
DBSALT001397	948
DBSALT001398	949
DBSALT001400	950
DBSALT001402	951
DBSALT001403	952
DBSALT001404	953
DBSALT001405	954
DBSALT001407	955
DBSALT001408	956
DBSALT001409	957
DBSALT001410	958
DBSALT001411	959
DBSALT001412	960
DBSALT001413	961
DBSALT001414	962
DBSALT001415	963
DBSALT001417	964
DBSALT001418	965
DBSALT001419	966
DBSALT001421	967
DBSALT001422	968
DBSALT001423	969
DBSALT001424	970
DBSALT001425	971
DBSALT001429	972
DBSALT001431	973
DBSALT001432	974
DBSALT001433	975
DBSALT001434	976
DBSALT001435	977
DBSALT001436	978
DBSALT001437	979
DBSALT001438	980
DBSALT001439	981
DBSALT001440	982
DBSALT001441	983
DBSALT001442	984
DBSALT001443	985
DBSALT001444	986
DBSALT001445	987
DBSALT001446	988
DBSALT001447	989
DBSALT001448	990
DBSALT001449	991
DBSALT001450	992
DBSALT001451	993
DBSALT001452	994
DBSALT001453	995
DBSALT001454	996
DBSALT001455	997
DBSALT001456	998
DBSALT001458	999
DBSALT001459	1000
DBSALT001460	1001
DBSALT001461	1002
DBSALT001462	1003
DBSALT001463	1004
DBSALT001464	1005
DBSALT001467	1006
DBSALT001470	1007
DBSALT001471	1008
DBSALT001472	1009
DBSALT001473	1010
DBSALT001474	1011
DBSALT001475	1012
DBSALT001476	1013
DBSALT001477	1014
DBSALT001478	1015
DBSALT001479	1016
DBSALT001480	1017
DBSALT001481	1018
DBSALT001483	1019
DBSALT001484	1020
DBSALT001485	1021
DBSALT001486	1022
DBSALT001487	1023
DBSALT001488	1024
DBSALT001489	1025
DBSALT001490	1026
DBSALT001491	1027
DBSALT001492	1028
DBSALT001493	1029
DBSALT001495	1030
DBSALT001496	1031
DBSALT001497	1032
DBSALT001498	1033
DBSALT001499	1034
DBSALT001500	1035
DBSALT001501	1036
DBSALT001502	1037
DBSALT001503	1038
DBSALT001505	1039
DBSALT001507	1040
DBSALT001508	1041
DBSALT001509	1042
DBSALT001512	1043
DBSALT001513	1044
DBSALT001515	1045
DBSALT001516	1046
DBSALT001517	1047
DBSALT001518	1048
DBSALT001519	1049
DBSALT001520	1050
DBSALT001521	1051
DBSALT001522	1052
DBSALT001523	1053
DBSALT001524	1054
DBSALT001525	1055
DBSALT001526	1056
DBSALT001527	1057
DBSALT001528	1058
DBSALT001529	1059
DBSALT001530	1060
DBSALT001531	1061
DBSALT001533	1062
DBSALT001534	1063
DBSALT001536	1064
DBSALT001537	1065
DBSALT001538	1066
DBSALT001539	1067
DBSALT001540	1068
DBSALT001541	1069
DBSALT001542	1070
DBSALT001543	1071
DBSALT001545	1072
DBSALT001546	1073
DBSALT001549	1074
DBSALT001550	1075
DBSALT001551	1076
DBSALT001552	1077
DBSALT001553	1078
DBSALT001555	1079
DBSALT001556	1080
DBSALT001557	1081
DBSALT001558	1082
DBSALT001559	1083
DBSALT001560	1084
DBSALT001562	1085
DBSALT001563	1086
DBSALT001564	1087
DBSALT001565	1088
DBSALT001567	1089
DBSALT001569	1090
DBSALT001571	1091
DBSALT001572	1092
DBSALT001573	1093
DBSALT001577	1094
DBSALT001580	1095
DBSALT001583	1096
DBSALT001587	1097
DBSALT001590	1098
DBSALT001591	1099
DBSALT001592	1100
DBSALT001594	1101
DBSALT001595	1102
DBSALT001596	1103
DBSALT001597	1104
DBSALT001598	1105
DBSALT001602	1106
DBSALT001603	1107
DBSALT001604	1108
DBSALT001605	1109
DBSALT001606	1110
DBSALT001607	1111
DBSALT001609	1112
DBSALT001610	1113
DBSALT001611	1114
DBSALT001612	1115
DBSALT001613	1116
DBSALT001614	1117
DBSALT001615	1118
DBSALT001617	1119
DBSALT001618	1120
DBSALT001619	1121
DBSALT001620	1122
DBSALT001621	1123
DBSALT001622	1124
DBSALT001623	1125
DBSALT001624	1126
DBSALT001625	1127
DBSALT001626	1128
DBSALT001628	1129
DBSALT001629	1130
DBSALT001630	1131
DBSALT001631	1132
DBSALT001632	1133
DBSALT001633	1134
DBSALT001634	1135
DBSALT001637	1136
DBSALT001639	1137
DBSALT001640	1138
DBSALT001641	1139
DBSALT001642	1140
DBSALT001643	1141
DBSALT001644	1142
DBSALT001645	1143
DBSALT001646	1144
DBSALT001647	1145
DBSALT001648	1146
DBSALT001649	1147
DBSALT001650	1148
DBSALT001651	1149
DBSALT001652	1150
DBSALT001653	1151
DBSALT001654	1152
DBSALT001655	1153
DBSALT001656	1154
DBSALT001657	1155
DBSALT001658	1156
DBSALT001660	1157
DBSALT001661	1158
DBSALT001662	1159
DBSALT001663	1160
DBSALT001664	1161
DBSALT001665	1162
DBSALT001667	1163
DBSALT001668	1164
DBSALT001670	1165
DBSALT001671	1166
DBSALT001672	1167
DBSALT001674	1168
DBSALT001675	1169
DBSALT001676	1170
DBSALT001677	1171
DBSALT001680	1172
DBSALT001681	1173
DBSALT001682	1174
DBSALT001683	1175
DBSALT001684	1176
DBSALT001688	1177
DBSALT001689	1178
DBSALT001691	1179
DBSALT001693	1180
DBSALT001696	1181
DBSALT001697	1182
DBSALT001698	1183
DBSALT001699	1184
DBSALT001700	1185
DBSALT001701	1186
DBSALT001702	1187
DBSALT001703	1188
DBSALT001704	1189
DBSALT001708	1190
DBSALT001709	1191
DBSALT001710	1192
DBSALT001711	1193
DBSALT001715	1194
DBSALT001717	1195
DBSALT001718	1196
DBSALT001719	1197
DBSALT001720	1198
DBSALT001721	1199
DBSALT001722	1200
DBSALT001723	1201
DBSALT001724	1202
DBSALT001725	1203
DBSALT001726	1204
DBSALT001727	1205
DBSALT001728	1206
DBSALT001733	1207
DBSALT001734	1208
DBSALT001735	1209
DBSALT001736	1210
DBSALT001737	1211
DBSALT001738	1212
DBSALT001739	1213
DBSALT001740	1214
DBSALT001741	1215
DBSALT001742	1216
DBSALT001743	1217
DBSALT001744	1218
DBSALT001745	1219
DBSALT001748	1220
DBSALT001749	1221
DBSALT001750	1222
DBSALT001751	1223
DBSALT001752	1224
DBSALT001753	1225
DBSALT001754	1226
DBSALT001755	1227
DBSALT001756	1228
DBSALT001757	1229
DBSALT001758	1230
DBSALT001759	1231
DBSALT001760	1232
DBSALT001761	1233
DBSALT001762	1234
DBSALT001763	1235
DBSALT001765	1236
DBSALT001766	1237
DBSALT001767	1238
DBSALT001768	1239
DBSALT001769	1240
DBSALT001770	1241
DBSALT001771	1242
DBSALT001772	1243
DBSALT001773	1244
DBSALT001774	1245
DBSALT001775	1246
DBSALT001776	1247
DBSALT001777	1248
DBSALT001778	1249
DBSALT001779	1250
DBSALT001780	1251
DBSALT001781	1252
DBSALT001782	1253
DBSALT001783	1254
DBSALT001784	1255
DBSALT001785	1256
DBSALT001786	1257
DBSALT001787	1258
DBSALT001788	1259
DBSALT001789	1260
DBSALT001790	1261
DBSALT001792	1262
DBSALT001793	1263
DBSALT001794	1264
DBSALT001795	1265
DBSALT001796	1266
DBSALT001797	1267
DBSALT001798	1268
DBSALT001799	1269
DBSALT001800	1270
DBSALT001801	1271
DBSALT001802	1272
DBSALT001804	1273
DBSALT001805	1274
DBSALT001806	1275
DBSALT001807	1276
DBSALT001808	1277
DBSALT001809	1278
DBSALT001810	1279
DBSALT001811	1280
DBSALT001812	1281
DBSALT001814	1282
DBSALT001815	1283
DBSALT001816	1284
DBSALT001817	1285
DBSALT001818	1286
DBSALT001820	1287
DBSALT001821	1288
DBSALT001822	1289
DBSALT001823	1290
DBSALT001824	1291
DBSALT001825	1292
DBSALT001826	1293
DBSALT001827	1294
DBSALT001828	1295
DBSALT001829	1296
DBSALT001830	1297
DBSALT001831	1298
DBSALT001833	1299
DBSALT001834	1300
DBSALT001835	1301
DBSALT001836	1302
DBSALT001837	1303
DBSALT001839	1304
DBSALT001840	1305
DBSALT001841	1306
DBSALT001842	1307
DBSALT001843	1308
DBSALT001844	1309
DBSALT001845	1310
DBSALT001847	1311
DBSALT001848	1312
DBSALT001849	1313
DBSALT001850	1314
DBSALT001851	1315
DBSALT001852	1316
DBSALT001853	1317
DBSALT001854	1318
DBSALT001855	1319
DBSALT001856	1320
DBSALT001857	1321
DBSALT001858	1322
DBSALT001859	1323
DBSALT001860	1324
DBSALT001861	1325
DBSALT001862	1326
DBSALT001863	1327
DBSALT001864	1328
DBSALT001865	1329
DBSALT001866	1330
DBSALT001867	1331
DBSALT001868	1332
DBSALT001869	1333
DBSALT001870	1334
DBSALT001872	1335
DBSALT001873	1336
DBSALT001874	1337
DBSALT001875	1338
DBSALT001877	1339
DBSALT001878	1340
DBSALT001879	1341
DBSALT001880	1342
DBSALT001881	1343
DBSALT001882	1344
DBSALT001884	1345
DBSALT001885	1346
DBSALT001886	1347
DBSALT001887	1348
DBSALT001890	1349
DBSALT001891	1350
DBSALT001892	1351
DBSALT001893	1352
DBSALT001894	1353
DBSALT001895	1354
DBSALT001896	1355
DBSALT001897	1356
DBSALT001898	1357
DBSALT001899	1358
DBSALT001900	1359
DBSALT001901	1360
DBSALT001902	1361
DBSALT001903	1362
DBSALT001904	1363
DBSALT001905	1364
DBSALT001906	1365
DBSALT001907	1366
DBSALT001908	1367
DBSALT001909	1368
DBSALT001910	1369
DBSALT001911	1370
DBSALT001912	1371
DBSALT001913	1372
DBSALT001914	1373
DBSALT001915	1374
DBSALT001916	1375
DBSALT001917	1376
DBSALT001918	1377
DBSALT001919	1378
DBSALT001920	1379
DBSALT001921	1380
DBSALT001922	1381
DBSALT001923	1382
DBSALT001925	1383
DBSALT001926	1384
DBSALT001930	1385
DBSALT001931	1386
DBSALT001932	1387
DBSALT001933	1388
DBSALT001934	1389
DBSALT001935	1390
DBSALT001936	1391
DBSALT001937	1392
DBSALT001938	1393
DBSALT001939	1394
DBSALT001940	1395
DBSALT001943	1396
DBSALT001944	1397
DBSALT001945	1398
DBSALT001946	1399
DBSALT001947	1400
DBSALT001948	1401
DBSALT001949	1402
DBSALT001950	1403
DBSALT001951	1404
DBSALT001952	1405
DBSALT001953	1406
DBSALT001954	1407
DBSALT001955	1408
DBSALT001956	1409
DBSALT001957	1410
DBSALT001958	1411
DBSALT001959	1412
DBSALT001960	1413
DBSALT001962	1414
DBSALT001964	1415
DBSALT001965	1416
DBSALT001966	1417
DBSALT001967	1418
DBSALT001968	1419
DBSALT001970	1420
DBSALT001971	1421
DBSALT001973	1422
DBSALT001974	1423
DBSALT001975	1424
DBSALT001977	1425
DBSALT001978	1426
DBSALT001979	1427
DBSALT001980	1428
DBSALT001981	1429
DBSALT001982	1430
DBSALT001983	1431
DBSALT001984	1432
DBSALT001985	1433
DBSALT001986	1434
DBSALT001987	1435
DBSALT001988	1436
DBSALT001989	1437
DBSALT001990	1438
DBSALT001991	1439
DBSALT001992	1440
DBSALT001993	1441
DBSALT001994	1442
DBSALT001995	1443
DBSALT001996	1444
DBSALT001997	1445
DBSALT001998	1446
DBSALT001999	1447
DBSALT002000	1448
DBSALT002001	1449
DBSALT002002	1450
DBSALT002003	1451
DBSALT002004	1452
DBSALT002005	1453
DBSALT002006	1454
DBSALT002007	1455
DBSALT002008	1456
DBSALT002009	1457
DBSALT002010	1458
DBSALT002011	1459
DBSALT002012	1460
DBSALT002013	1461
DBSALT002014	1462
DBSALT002015	1463
DBSALT002016	1464
DBSALT002017	1465
DBSALT002018	1466
DBSALT002019	1467
DBSALT002020	1468
DBSALT002021	1469
DBSALT002022	1470
DBSALT002023	1471
DBSALT002024	1472
DBSALT002025	1473
DBSALT002026	1474
DBSALT002027	1475
DBSALT002028	1476
DBSALT002029	1477
DBSALT002030	1478
DBSALT002031	1479
DBSALT002032	1480
DBSALT002033	1481
DBSALT002034	1482
DBSALT002035	1483
DBSALT002036	1484
DBSALT002037	1485
DBSALT002038	1486
DBSALT002039	1487
DBSALT002040	1488
DBSALT002041	1489
DBSALT002042	1490
DBSALT002043	1491
DBSALT002045	1492
DBSALT002046	1493
DBSALT002047	1494
DBSALT002048	1495
DBSALT002049	1496
DBSALT002050	1497
DBSALT002051	1498
DBSALT002052	1499
DBSALT002053	1500
DBSALT002054	1501
DBSALT002055	1502
DBSALT002056	1503
DBSALT002057	1504
DBSALT002058	1505
DBSALT002059	1506
DBSALT002060	1507
DBSALT002061	1508
DBSALT002062	1509
DBSALT002063	1510
DBSALT002064	1511
DBSALT002065	1512
DBSALT002066	1513
DBSALT002067	1514
DBSALT002068	1515
DBSALT002069	1516
DBSALT002070	1517
DBSALT002071	1518
DBSALT002072	1519
DBSALT002073	1520
DBSALT002074	1521
DBSALT002075	1522
DBSALT002076	1523
DBSALT002077	1524
DBSALT002078	1525
DBSALT002079	1526
DBSALT002080	1527
DBSALT002081	1528
DBSALT002082	1529
DBSALT002083	1530
DBSALT002084	1531
DBSALT002085	1532
DBSALT002086	1533
DBSALT002087	1534
DBSALT002088	1535
DBSALT002089	1536
DBSALT002090	1537
DBSALT002091	1538
DBSALT002092	1539
DBSALT002093	1540
DBSALT002094	1541
DBSALT002095	1542
DBSALT002096	1543
DBSALT002097	1544
DBSALT002098	1545
DBSALT002099	1546
DBSALT002100	1547
DBSALT002101	1548
DBSALT002102	1549
DBSALT002103	1550
DBSALT002104	1551
DBSALT002105	1552
DBSALT002106	1553
DBSALT002107	1554
DBSALT002108	1555
DBSALT002109	1556
DBSALT002110	1557
DBSALT002111	1558
DBSALT002112	1559
DBSALT002113	1560
DBSALT002114	1561
DBSALT002115	1562
DBSALT002116	1563
DBSALT002117	1564
DBSALT002118	1565
DBSALT002119	1566
DBSALT002120	1567
DBSALT002121	1568
DBSALT002122	1569
DBSALT002123	1570
DBSALT002124	1571
DBSALT002125	1572
DBSALT002126	1573
DBSALT002127	1574
DBSALT002128	1575
DBSALT002129	1576
DBSALT002130	1577
DBSALT002131	1578
DBSALT002132	1579
DBSALT002133	1580
DBSALT002134	1581
DBSALT002135	1582
DBSALT002136	1583
DBSALT002137	1584
DBSALT002138	1585
DBSALT002139	1586
DBSALT002140	1587
DBSALT002141	1588
DBSALT002142	1589
DBSALT002143	1590
DBSALT002144	1591
DBSALT002145	1592
DBSALT002146	1593
DBSALT002147	1594
DBSALT002148	1595
DBSALT002149	1596
DBSALT002150	1597
DBSALT002151	1598
DBSALT002152	1599
DBSALT002153	1600
DBSALT002154	1601
DBSALT002155	1602
DBSALT002156	1603
DBSALT002157	1604
DBSALT002158	1605
DBSALT002159	1606
DBSALT002160	1607
DBSALT002161	1608
DBSALT002162	1609
DBSALT002163	1610
DBSALT002164	1611
DBSALT002165	1612
DBSALT002166	1613
DBSALT002167	1614
DBSALT002168	1615
DBSALT002169	1616
DBSALT002170	1617
DBSALT002171	1618
DBSALT002172	1619
DBSALT002173	1620
DBSALT002174	1621
DBSALT002175	1622
DBSALT002176	1623
DBSALT002177	1624
DBSALT002178	1625
DBSALT002179	1626
DBSALT002180	1627
DBSALT002181	1628
DBSALT002182	1629
DBSALT002183	1630
DBSALT002184	1631
DBSALT002185	1632
DBSALT002186	1633
DBSALT002187	1634
DBSALT002188	1635
DBSALT002189	1636
DBSALT002191	1637
DBSALT002193	1638
DBSALT002194	1639
DBSALT002195	1640
DBSALT002196	1641
DBSALT002197	1642
DBSALT002199	1643
DBSALT002200	1644
DBSALT002205	1645
DBSALT002206	1646
DBSALT002207	1647
DBSALT002208	1648
DBSALT002209	1649
DBSALT002210	1650
DBSALT002211	1651
DBSALT002213	1652
DBSALT002215	1653
DBSALT002216	1654
DBSALT002218	1655
DBSALT002219	1656
DBSALT002220	1657
DBSALT002221	1658
DBSALT002222	1659
DBSALT002223	1660
DBSALT002224	1661
DBSALT002225	1662
DBSALT002226	1663
DBSALT002227	1664
DBSALT002229	1665
DBSALT002230	1666
DBSALT002231	1667
DBSALT002232	1668
DBSALT002233	1669
DBSALT002234	1670
DBSALT002235	1671
DBSALT002238	1672
DBSALT002239	1673
DBSALT002240	1674
DBSALT002241	1675
DBSALT002244	1676
DBSALT002246	1677
DBSALT002247	1678
DBSALT002248	1679
DBSALT002249	1680
DBSALT002250	1681
DBSALT002251	1682
DBSALT002252	1683
DBSALT002253	1684
DBSALT002254	1685
DBSALT002255	1686
DBSALT002256	1687
DBSALT002258	1688
DBSALT002260	1689
DBSALT002261	1690
DBSALT002262	1691
DBSALT002264	1692
DBSALT002265	1693
DBSALT002267	1694
DBSALT002268	1695
DBSALT002269	1696
DBSALT002271	1697
DBSALT002272	1698
DBSALT002273	1699
DBSALT002274	1700
DBSALT002275	1701
DBSALT002276	1702
DBSALT002277	1703
DBSALT002279	1704
DBSALT002280	1705
DBSALT002281	1706
DBSALT002282	1707
DBSALT002284	1708
DBSALT002285	1709
DBSALT002286	1710
DBSALT002287	1711
DBSALT002288	1712
DBSALT002289	1713
DBSALT002290	1714
DBSALT002291	1715
DBSALT002292	1716
DBSALT002293	1717
DBSALT002294	1718
DBSALT002295	1719
DBSALT002297	1720
DBSALT002298	1721
DBSALT002300	1722
DBSALT002301	1723
DBSALT002302	1724
DBSALT002303	1725
DBSALT002304	1726
DBSALT002305	1727
DBSALT002306	1728
DBSALT002307	1729
DBSALT002308	1730
DBSALT002309	1731
DBSALT002311	1732
DBSALT002312	1733
DBSALT002313	1734
DBSALT002314	1735
DBSALT002315	1736
DBSALT002316	1737
DBSALT002317	1738
DBSALT002318	1739
DBSALT002319	1740
DBSALT002320	1741
DBSALT002321	1742
DBSALT002322	1743
DBSALT002323	1744
DBSALT002324	1745
DBSALT002325	1746
DBSALT002326	1747
DBSALT002327	1748
DBSALT002328	1749
DBSALT002329	1750
DBSALT002330	1751
DBSALT002331	1752
DBSALT002332	1753
DBSALT002333	1754
DBSALT002334	1755
DBSALT002335	1756
DBSALT002338	1757
DBSALT002339	1758
DBSALT002340	1759
DBSALT002341	1760
DBSALT002342	1761
DBSALT002343	1762
DBSALT002345	1763
DBSALT002346	1764
DBSALT002347	1765
DBSALT002348	1766
DBSALT002349	1767
DBSALT002350	1768
DBSALT002351	1769
DBSALT002352	1770
DBSALT002359	1771
DBSALT002360	1772
DBSALT002361	1773
DBSALT002362	1774
DBSALT002363	1775
DBSALT002364	1776
DBSALT002365	1777
DBSALT002366	1778
DBSALT002367	1779
DBSALT002368	1780
DBSALT002369	1781
DBSALT002370	1782
DBSALT002371	1783
DBSALT002372	1784
DBSALT002373	1785
DBSALT002375	1786
DBSALT002376	1787
DBSALT002377	1788
DBSALT002378	1789
DBSALT002379	1790
DBSALT002380	1791
DBSALT002381	1792
DBSALT002382	1793
DBSALT002383	1794
DBSALT002384	1795
DBSALT002385	1796
DBSALT002386	1797
DBSALT002387	1798
DBSALT002388	1799
DBSALT002389	1800
DBSALT002390	1801
DBSALT002391	1802
DBSALT002393	1803
DBSALT002394	1804
DBSALT002395	1805
DBSALT002396	1806
DBSALT002397	1807
DBSALT002398	1808
DBSALT002399	1809
DBSALT002400	1810
DBSALT002401	1811
DBSALT002402	1812
DBSALT002403	1813
DBSALT002404	1814
DBSALT002405	1815
DBSALT002406	1816
DBSALT002407	1817
DBSALT002408	1818
DBSALT002409	1819
DBSALT002410	1820
DBSALT002414	1821
DBSALT002415	1822
DBSALT002416	1823
DBSALT002417	1824
DBSALT002418	1825
DBSALT002420	1826
DBSALT002421	1827
DBSALT002427	1828
DBSALT002428	1829
DBSALT002429	1830
DBSALT002430	1831
DBSALT002431	1832
DBSALT002432	1833
DBSALT002433	1834
DBSALT002434	1835
DBSALT002435	1836
DBSALT002436	1837
DBSALT002437	1838
DBSALT002438	1839
DBSALT002439	1840
DBSALT002440	1841
DBSALT002441	1842
DBSALT002442	1843
DBSALT002443	1844
DBSALT002444	1845
DBSALT002445	1846
DBSALT002446	1847
DBSALT002447	1848
DBSALT002448	1849
DBSALT002449	1850
DBSALT002450	1851
DBSALT002451	1852
DBSALT002452	1853
DBSALT002453	1854
DBSALT002455	1855
DBSALT002456	1856
DBSALT002457	1857
DBSALT002458	1858
DBSALT002459	1859
DBSALT002460	1860
DBSALT002461	1861
DBSALT002462	1862
DBSALT002463	1863
DBSALT002464	1864
DBSALT002467	1865
DBSALT002469	1866
DBSALT002470	1867
DBSALT002471	1868
DBSALT002472	1869
DBSALT002473	1870
DBSALT002476	1871
DBSALT002477	1872
DBSALT002478	1873
DBSALT002482	1874
DBSALT002483	1875
DBSALT002484	1876
DBSALT002486	1877
DBSALT002488	1878
DBSALT002489	1879
DBSALT002490	1880
DBSALT002491	1881
DBSALT002492	1882
DBSALT002493	1883
DBSALT002494	1884
DBSALT002496	1885
DBSALT002497	1886
DBSALT002498	1887
DBSALT002499	1888
DBSALT002500	1889
DBSALT002501	1890
DBSALT002502	1891
DBSALT002503	1892
DBSALT002504	1893
DBSALT002505	1894
DBSALT002506	1895
DBSALT002507	1896
DBSALT002508	1897
DBSALT002509	1898
DBSALT002510	1899
DBSALT002512	1900
DBSALT002514	1901
DBSALT002515	1902
DBSALT002516	1903
DBSALT002518	1904
DBSALT002519	1905
DBSALT002520	1906
DBSALT002521	1907
DBSALT002522	1908
DBSALT002523	1909
DBSALT002525	1910
DBSALT002526	1911
DBSALT002527	1912
DBSALT002528	1913
DBSALT002529	1914
DBSALT002530	1915
DBSALT002531	1916
DBSALT002532	1917
DBSALT002533	1918
DBSALT002534	1919
DBSALT002536	1920
DBSALT002537	1921
DBSALT002538	1922
DBSALT002539	1923
DBSALT002540	1924
DBSALT002541	1925
DBSALT002542	1926
DBSALT002543	1927
DBSALT002544	1928
DBSALT002545	1929
DBSALT002546	1930
DBSALT002547	1931
DBSALT002548	1932
DBSALT002549	1933
DBSALT002550	1934
DBSALT002551	1935
DBSALT002552	1936
DBSALT002554	1937
DBSALT002555	1938
DBSALT002556	1939
DBSALT002558	1940
DBSALT002559	1941
DBSALT002560	1942
DBSALT002561	1943
DBSALT002562	1944
DBSALT002564	1945
DBSALT002566	1946
DBSALT002567	1947
DBSALT002568	1948
DBSALT002569	1949
DBSALT002572	1950
DBSALT002573	1951
DBSALT002574	1952
DBSALT002575	1953
DBSALT002576	1954
DBSALT002577	1955
DBSALT002578	1956
DBSALT002579	1957
DBSALT002580	1958
DBSALT002581	1959
DBSALT002582	1960
DBSALT002583	1961
DBSALT002584	1962
DBSALT002585	1963
DBSALT002586	1964
DBSALT002587	1965
DBSALT002588	1966
DBSALT002589	1967
DBSALT002590	1968
DBSALT002591	1969
DBSALT002592	1970
DBSALT002593	1971
DBSALT002594	1972
DBSALT002595	1973
DBSALT002596	1974
DBSALT002597	1975
DBSALT002598	1976
DBSALT002599	1977
DBSALT002600	1978
DBSALT002601	1979
DBSALT002602	1980
DBSALT002603	1981
DBSALT002604	1982
DBSALT002605	1983
DBSALT002606	1984
DBSALT002607	1985
DBSALT002608	1986
DBSALT002609	1987
DBSALT002610	1988
DBSALT002611	1989
DBSALT002612	1990
DBSALT002613	1991
DBSALT002614	1992
DBSALT002615	1993
DBSALT002616	1994
DBSALT002617	1995
DBSALT002618	1996
DBSALT002620	1997
DBSALT002621	1998
DBSALT002622	1999
DBSALT002623	2000
DBSALT002624	2001
DBSALT002625	2002
DBSALT002626	2003
DBSALT002627	2004
DBSALT002628	2005
DBSALT002629	2006
DBSALT002630	2007
DBSALT002631	2008
DBSALT002632	2009
DBSALT002633	2010
DBSALT002634	2011
DBSALT002635	2012
DBSALT002636	2013
DBSALT002637	2014
DBSALT002638	2015
DBSALT002639	2016
DBSALT002640	2017
DBSALT002641	2018
DBSALT002642	2019
DBSALT002643	2020
DBSALT002644	2021
DBSALT002645	2022
DBSALT002646	2023
DBSALT002647	2024
DBSALT002648	2025
DBSALT002649	2026
DBSALT002650	2027
DBSALT002651	2028
DBSALT002654	2029
DBSALT002655	2030
DBSALT002656	2031
DBSALT002657	2032
DBSALT002658	2033
DBSALT002659	2034
DBSALT002660	2035
DBSALT002661	2036
DBSALT002662	2037
DBSALT002663	2038
DBSALT002664	2039
DBSALT002665	2040
DBSALT002666	2041
DBSALT002667	2042
DBSALT002668	2043
DBSALT002669	2044
DBSALT002670	2045
DBSALT002671	2046
DBSALT002672	2047
DBSALT002673	2048
DBSALT002674	2049
DBSALT002675	2050
DBSALT002676	2051
DBSALT002677	2052
DBSALT002678	2053
DBSALT002679	2054
DBSALT002680	2055
DBSALT002681	2056
DBSALT002682	2057
DBSALT002683	2058
DBSALT002684	2059
DBSALT002685	2060
DBSALT002686	2061
DBSALT002687	2062
DBSALT002688	2063
DBSALT002689	2064
DBSALT002690	2065
DBSALT002691	2066
DBSALT002692	2067
DBSALT002693	2068
DBSALT002695	2069
DBSALT002697	2070
DBSALT002698	2071
DBSALT002699	2072
DBSALT002700	2073
DBSALT002701	2074
DBSALT002702	2075
DBSALT002703	2076
DBSALT002704	2077
DBSALT002705	2078
DBSALT002706	2079
DBSALT002707	2080
DBSALT002708	2081
DBSALT002709	2082
DBSALT002710	2083
DBSALT002711	2084
DBSALT002712	2085
DBSALT002713	2086
DBSALT002715	2087
DBSALT002716	2088
DBSALT002717	2089
DBSALT002718	2090
DBSALT002719	2091
DBSALT002720	2092
DBSALT002721	2093
DBSALT002722	2094
DBSALT002723	2095
DBSALT002724	2096
DBSALT002725	2097
DBSALT002726	2098
DBSALT002727	2099
DBSALT002728	2100
DBSALT002729	2101
DBSALT002730	2102
DBSALT002731	2103
DBSALT002732	2104
DBSALT002733	2105
DBSALT002734	2106
DBSALT002735	2107
DBSALT002737	2108
DBSALT002738	2109
DBSALT002739	2110
DBSALT002740	2111
DBSALT002741	2112
DBSALT002742	2113
DBSALT002743	2114
DBSALT002744	2115
DBSALT002745	2116
DBSALT002746	2117
DBSALT002747	2118
DBSALT002748	2119
DBSALT002749	2120
DBSALT002750	2121
DBSALT002751	2122
DBSALT002752	2123
DBSALT002753	2124
DBSALT002754	2125
DBSALT002755	2126
DBSALT002756	2127
DBSALT002757	2128
DBSALT002758	2129
DBSALT002759	2130
DBSALT002760	2131
DBSALT002761	2132
DBSALT002762	2133
DBSALT002763	2134
DBSALT002764	2135
DBSALT002765	2136
DBSALT002766	2137
DBSALT002767	2138
DBSALT002768	2139
DBSALT002769	2140
DBSALT002770	2141
DBSALT002771	2142
DBSALT002772	2143
DBSALT002774	2144
DBSALT002775	2145
DBSALT002777	2146
DBSALT002778	2147
DBSALT002779	2148
DBSALT002780	2149
DBSALT002781	2150
DBSALT002782	2151
DBSALT002783	2152
DBSALT002784	2153
DBSALT002785	2154
DBSALT002786	2155
DBSALT002787	2156
DBSALT002788	2157
DBSALT002789	2158
DBSALT002790	2159
DBSALT002791	2160
DBSALT002792	2161
DBSALT002793	2162
DBSALT002794	2163
DBSALT002795	2164
DBSALT002796	2165
DBSALT002797	2166
DBSALT002798	2167
DBSALT002799	2168
DBSALT002800	2169
DBSALT002801	2170
DBSALT002802	2171
DBSALT002803	2172
DBSALT002804	2173
DBSALT002805	2174
DBSALT002806	2175
DBSALT002807	2176
DBSALT002808	2177
DBSALT002809	2178
DBSALT002810	2179
DBSALT002811	2180
DBSALT002812	2181
DBSALT002813	2182
DBSALT002814	2183
DBSALT002815	2184
DBSALT002816	2185
DBSALT002817	2186
DBSALT002818	2187
DBSALT002819	2188
DBSALT002820	2189
DBSALT002821	2190
DBSALT002822	2191
DBSALT002823	2192
DBSALT002824	2193
DBSALT002825	2194
DBSALT002826	2195
DBSALT002827	2196
DBSALT002828	2197
DBSALT002829	2198
DBSALT002830	2199
DBSALT002831	2200
DBSALT002832	2201
DBSALT002833	2202
DBSALT002834	2203
DBSALT002835	2204
DBSALT002836	2205
DBSALT002837	2206
DBSALT002838	2207
DBSALT002839	2208
DBSALT002840	2209
DBSALT002841	2210
DBSALT002842	2211
DBSALT002843	2212
DBSALT002844	2213
DBSALT002845	2214
DBSALT002846	2215
DBSALT002847	2216
DBSALT002848	2217
DBSALT002849	2218
DBSALT002850	2219
DBSALT002851	2220
DBSALT002852	2221
DBSALT002853	2222
DBSALT002854	2223
DBSALT002855	2224
DBSALT002856	2225
DBSALT002857	2226
DBSALT002858	2227
DBSALT002859	2228
DBSALT002860	2229
DBSALT002861	2230
DBSALT002862	2231
DBSALT002863	2232
DBSALT002864	2233
DBSALT002865	2234
DBSALT002866	2235
DBSALT002867	2236
DBSALT002868	2237
DBSALT002869	2238
DBSALT002870	2239
DBSALT002871	2240
DBSALT002872	2241
DBSALT002873	2242
DBSALT002874	2243
DBSALT002875	2244
DBSALT002876	2245
DBSALT002877	2246
DBSALT002878	2247
DBSALT002879	2248
DBSALT002880	2249
DBSALT002881	2250
DBSALT002882	2251
DBSALT002883	2252
DBSALT002884	2253
DBSALT002885	2254
DBSALT002886	2255
DBSALT002887	2256
DBSALT002888	2257
DBSALT002889	2258
DBSALT002890	2259
DBSALT002891	2260
DBSALT002892	2261
DBSALT002893	2262
DBSALT002894	2263
DBSALT002895	2264
DBSALT002896	2265
DBSALT002897	2266
DBSALT002898	2267
DBSALT002899	2268
DBSALT002900	2269
DBSALT002901	2270
DBSALT002902	2271
DBSALT002903	2272
DBSALT002904	2273
DBSALT002905	2274
DBSALT002906	2275
DBSALT002907	2276
DBSALT002908	2277
DBSALT002909	2278
DBSALT002910	2279
DBSALT002911	2280
DBSALT002912	2281
DBSALT002913	2282
DBSALT002914	2283
DBSALT002915	2284
DBSALT002916	2285
DBSALT002917	2286
DBSALT002918	2287
DBSALT002919	2288
DBSALT002920	2289
DBSALT002921	2290
DBSALT002922	2291
DBSALT002923	2292
DBSALT002924	2293
DBSALT002925	2294
DBSALT002926	2295
DBSALT002927	2296
DBSALT002928	2297
DBSALT002929	2298
DBSALT002930	2299
DBSALT002931	2300
DBSALT002932	2301
DBSALT002933	2302
DBSALT002934	2303
DBSALT002935	2304
DBSALT002936	2305
DBSALT002937	2306
DBSALT002938	2307
DBSALT002939	2308
DBSALT002940	2309
DBSALT002941	2310
DBSALT002942	2311
DBSALT002943	2312
DBSALT002944	2313
DBSALT002945	2314
DBSALT002946	2315
DBSALT002947	2316
DBSALT002948	2317
DBSALT002949	2318
DBSALT002950	2319
DBSALT002951	2320
DBSALT002952	2321
DBSALT002953	2322
DBSALT002954	2323
DBSALT002955	2324
DBSALT002956	2325
DBSALT002957	2326
DBSALT002958	2327
DBSALT002959	2328
DBSALT002960	2329
DBSALT002961	2330
DBSALT002962	2331
DBSALT002963	2332
DBSALT002964	2333
DBSALT002965	2334
DBSALT002966	2335
DBSALT002967	2336
DBSALT002969	2337
DBSALT002970	2338
DBSALT002971	2339
DBSALT002972	2340
DBSALT002973	2341
DBSALT002974	2342
DBSALT002975	2343
DBSALT002976	2344
DBSALT002977	2345
DBSALT002978	2346
DBSALT002979	2347
DBSALT002980	2348
DBSALT002981	2349
DBSALT002982	2350
DBSALT002983	2351
DBSALT002984	2352
DBSALT002985	2353
DBSALT002986	2354
DBSALT002987	2355
DBSALT002988	2356
DBSALT002989	2357
DBSALT002991	2358
DBSALT002992	2359
DBSALT002993	2360
DBSALT002994	2361
DBSALT002995	2362
DBSALT002996	2363
DBSALT002997	2364
DBSALT002998	2365
DBSALT002999	2366
DBSALT003000	2367
DBSALT003001	2368
DBSALT003002	2369
DBSALT003003	2370
DBSALT003004	2371
DBSALT003005	2372
DBSALT003006	2373
DBSALT003007	2374
DBSALT003008	2375
DBSALT003009	2376
DBSALT003010	2377
DBSALT003011	2378
DBSALT003012	2379
DBSALT003013	2380
DBSALT003014	2381
DBSALT003015	2382
DBSALT003016	2383
DBSALT003017	2384
DBSALT003018	2385
DBSALT003019	2386
DBSALT003020	2387
DBSALT003021	2388
DBSALT003022	2389
DBSALT003023	2390
DBSALT003024	2391
DBSALT003025	2392
DBSALT003026	2393
DBSALT003027	2394
DBSALT003028	2395
DBSALT003029	2396
DBSALT003031	2397
DBSALT003032	2398
DBSALT003033	2399
DBSALT003034	2400
DBSALT003035	2401
DBSALT003037	2402
DBSALT003038	2403
DBSALT003039	2404
DBSALT003040	2405
DBSALT003041	2406
DBSALT003042	2407
DBSALT003043	2408
DBSALT003044	2409
DBSALT003045	2410
DBSALT003046	2411
DBSALT003047	2412
DBSALT003049	2413
DBSALT003050	2414
DBSALT003051	2415
DBSALT003052	2416
DBSALT003053	2417
DBSALT003054	2418
DBSALT003055	2419
DBSALT003056	2420
DBSALT003057	2421
DBSALT003058	2422
DBSALT003059	2423
DBSALT003060	2424
DBSALT003061	2425
DBSALT003062	2426
DBSALT003063	2427
DBSALT003064	2428
DBSALT003065	2429
DBSALT003066	2430
DBSALT003067	2431
DBSALT003068	2432
DBSALT003069	2433
DBSALT003070	2434
DBSALT003071	2435
DBSALT003072	2436
DBSALT003073	2437
DBSALT003074	2438
DBSALT003075	2439
DBSALT003076	2440
DBSALT003077	2441
DBSALT003078	2442
DBSALT003079	2443
DBSALT003080	2444
DBSALT003081	2445
DBSALT003082	2446
DBSALT003083	2447
DBSALT003084	2448
DBSALT003085	2449
DBSALT003086	2450
DBSALT003087	2451
DBSALT003088	2452
DBSALT003089	2453
DBSALT003090	2454
DBSALT003091	2455
DBSALT003092	2456
DBSALT003093	2457
DBSALT003094	2458
DBSALT003095	2459
DBSALT003096	2460
DBSALT003097	2461
DBSALT003098	2462
DBSALT003099	2463
DBSALT003100	2464
DBSALT003101	2465
DBSALT003102	2466
DBSALT003103	2467
DBSALT003104	2468
DBSALT003105	2469
DBSALT003106	2470
DBSALT003107	2471
DBSALT003108	2472
DBSALT003109	2473
DBSALT003110	2474
DBSALT003111	2475
DBSALT003112	2476
DBSALT003113	2477
DBSALT003114	2478
DBSALT003115	2479
DBSALT003116	2480
DBSALT003117	2481
DBSALT003118	2482
DBSALT003119	2483
DBSALT003120	2484
DBSALT003121	2485
DBSALT003122	2486
DBSALT003123	2487
DBSALT003124	2488
DBSALT003125	2489
DBSALT003126	2490
DBSALT003127	2491
DBSALT003128	2492
DBSALT003129	2493
DBSALT003130	2494
DBSALT003131	2495
DBSALT003132	2496
DBSALT003133	2497
DBSALT003134	2498
DBSALT003135	2499
DBSALT003136	2500
DBSALT003137	2501
DBSALT003138	2502
DBSALT003139	2503
DBSALT003140	2504
DBSALT003141	2505
DBSALT003142	2506
DBSALT003143	2507
DBSALT003145	2508
DBSALT003146	2509
DBSALT003147	2510
DBSALT003148	2511
DBSALT003149	2512
DBSALT003150	2513
DBSALT003151	2514
DBSALT003152	2515
DBSALT003153	2516
DBSALT003154	2517
DBSALT003155	2518
DBSALT003156	2519
DBSALT003157	2520
DBSALT003158	2521
DBSALT003159	2522
DBSALT003160	2523
DBSALT003161	2524
DBSALT003162	2525
DBSALT003163	2526
DBSALT003164	2527
DBSALT003165	2528
DBSALT003166	2529
DBSALT003167	2530
DBSALT003168	2531
DBSALT003169	2532
DBSALT003170	2533
DBSALT003171	2534
DBSALT003172	2535
DBSALT003173	2536
DBSALT003174	2537
DBSALT003175	2538
DBSALT003176	2539
DBSALT003177	2540
DBSALT003178	2541
DBSALT003179	2542
DBSALT003180	2543
DBSALT003181	2544
DBSALT003182	2545
DBSALT003183	2546
DBSALT003184	2547
DBSALT003185	2548
DBSALT003186	2549
DBSALT003187	2550
DBSALT003188	2551
DBSALT003189	2552
DBSALT003190	2553
DBSALT003191	2554
DBSALT003192	2555
DBSALT003193	2556
DBSALT003194	2557
DBSALT003195	2558
DBSALT003196	2559
DBSALT003197	2560
DBSALT003198	2561
DBSALT003199	2562
DBSALT003200	2563
DBSALT003201	2564
DBSALT003202	2565
DBSALT003203	2566
DBSALT003204	2567
DBSALT003205	2568
DBSALT003206	2569
DBSALT003207	2570
DBSALT003208	2571
DBSALT003209	2572
DBSALT003210	2573
DBSALT003211	2574
DBSALT003212	2575
DBSALT003213	2576
DBSALT003214	2577
